Sample,Type,SeqID,Reads,Coverage,Path
1BF2780FDA,broodstock,1BF2780FDA_S843,184803,499.668,/home/maccamp/kootenai/data/align/1BF2780FDA_S843.sort.bam
1BF27811E0,broodstock,1BF27811E0_S844,157421,425.041,/home/maccamp/kootenai/data/align/1BF27811E0_S844.sort.bam
1BF2736562,broodstock,1BF2736562_S845,299131,811.961,/home/maccamp/kootenai/data/align/1BF2736562_S845.sort.bam
1BF2780435,broodstock,1BF2780435_S846,214065,580.355,/home/maccamp/kootenai/data/align/1BF2780435_S846.sort.bam
7F7D0F3E0A,broodstock,7F7D0F3E0A_S847,284414,770.655,/home/maccamp/kootenai/data/align/7F7D0F3E0A_S847.sort.bam
1BF272FBF1,broodstock,1BF272FBF1_S848,69576,182.395,/home/maccamp/kootenai/data/align/1BF272FBF1_S848.sort.bam
1BF2784EF2,broodstock,1BF2784EF2_S851,253088,687.681,/home/maccamp/kootenai/data/align/1BF2784EF2_S851.sort.bam
1BF27804B0,broodstock,1BF27804B0_S852,184144,497.443,/home/maccamp/kootenai/data/align/1BF27804B0_S852.sort.bam
1BF272E300,broodstock,1BF272E300_S853,243127,661.424,/home/maccamp/kootenai/data/align/1BF272E300_S853.sort.bam
1BF272E401,broodstock,1BF272E401_S854,175195,476.263,/home/maccamp/kootenai/data/align/1BF272E401_S854.sort.bam
473D0A156A,broodstock,473D0A156A_S855,388692,1065.96,/home/maccamp/kootenai/data/align/473D0A156A_S855.sort.bam
1BF27486C1,broodstock,1BF27486C1_S856,347477,942.29,/home/maccamp/kootenai/data/align/1BF27486C1_S856.sort.bam
1BF2780193,broodstock,1BF2780193_S859,170533,460.142,/home/maccamp/kootenai/data/align/1BF2780193_S859.sort.bam
1BF277FF3B,broodstock,1BF277FF3B_S860,391819,1059.71,/home/maccamp/kootenai/data/align/1BF277FF3B_S860.sort.bam
1BF272DD9C,broodstock,1BF272DD9C_S861,236913,642.404,/home/maccamp/kootenai/data/align/1BF272DD9C_S861.sort.bam
1BF272991F,broodstock,1BF272991F_S862,213632,580.069,/home/maccamp/kootenai/data/align/1BF272991F_S862.sort.bam
473D135E6D,broodstock,473D135E6D_S863,291231,793.917,/home/maccamp/kootenai/data/align/473D135E6D_S863.sort.bam
1BF2730A06,broodstock,1BF2730A06_S864,67523,180.033,/home/maccamp/kootenai/data/align/1BF2730A06_S864.sort.bam
1BF2785E47,broodstock,1BF2785E47_S867,177877,478.191,/home/maccamp/kootenai/data/align/1BF2785E47_S867.sort.bam
1BF2783665,broodstock,1BF2783665_S868,87013,236.359,/home/maccamp/kootenai/data/align/1BF2783665_S868.sort.bam
1BF272F678,broodstock,1BF272F678_S869,339355,924.861,/home/maccamp/kootenai/data/align/1BF272F678_S869.sort.bam
1C2D457DAB,broodstock,1C2D457DAB_S870,211513,573.539,/home/maccamp/kootenai/data/align/1C2D457DAB_S870.sort.bam
1BF272F4FA,broodstock,1BF272F4FA_S872,666803,1814.23,/home/maccamp/kootenai/data/align/1BF272F4FA_S872.sort.bam
1BF27849B1,broodstock,1BF27849B1_S875,151398,406.057,/home/maccamp/kootenai/data/align/1BF27849B1_S875.sort.bam
1BF2783D03,broodstock,1BF2783D03_S876,309624,842.302,/home/maccamp/kootenai/data/align/1BF2783D03_S876.sort.bam
1C2D457B8F,broodstock,1C2D457B8F_S877,271141,733.32,/home/maccamp/kootenai/data/align/1C2D457B8F_S877.sort.bam
1BF2783F5C,broodstock,1BF2783F5C_S878,289766,786.812,/home/maccamp/kootenai/data/align/1BF2783F5C_S878.sort.bam
473D0A2434,broodstock,473D0A2434_S879,109723,293.336,/home/maccamp/kootenai/data/align/473D0A2434_S879.sort.bam
1BF2785BF1,broodstock,1BF2785BF1_S883,209995,566.983,/home/maccamp/kootenai/data/align/1BF2785BF1_S883.sort.bam
1BF2784BF0,broodstock,1BF2784BF0_S884,316052,858.887,/home/maccamp/kootenai/data/align/1BF2784BF0_S884.sort.bam
1BF272E392,broodstock,1BF272E392_S885,395797,1074.92,/home/maccamp/kootenai/data/align/1BF272E392_S885.sort.bam
1BF272DAB2,broodstock,1BF272DAB2_S886,210253,569.945,/home/maccamp/kootenai/data/align/1BF272DAB2_S886.sort.bam
1BF2732E93,broodstock,1BF2732E93_S887,275981,748.125,/home/maccamp/kootenai/data/align/1BF2732E93_S887.sort.bam
1BF274E47A,broodstock,1BF274E47A_S888,592309,1603.61,/home/maccamp/kootenai/data/align/1BF274E47A_S888.sort.bam
1BF2782E74,broodstock,1BF2782E74_S891,443155,1204.89,/home/maccamp/kootenai/data/align/1BF2782E74_S891.sort.bam
1BF2785A76,broodstock,1BF2785A76_S892,174506,470.755,/home/maccamp/kootenai/data/align/1BF2785A76_S892.sort.bam
1C2D4562DA,broodstock,1C2D4562DA_S893,168212,454.732,/home/maccamp/kootenai/data/align/1C2D4562DA_S893.sort.bam
1C2D456CD2,broodstock,1C2D456CD2_S894,193570,525.768,/home/maccamp/kootenai/data/align/1C2D456CD2_S894.sort.bam
1BF272C6EB,broodstock,1BF272C6EB_S895,369883,1011.59,/home/maccamp/kootenai/data/align/1BF272C6EB_S895.sort.bam
1BF273629B,broodstock,1BF273629B_S896,107975,287.869,/home/maccamp/kootenai/data/align/1BF273629B_S896.sort.bam
1BF277F8C9,broodstock,1BF277F8C9_S899,225032,605.73,/home/maccamp/kootenai/data/align/1BF277F8C9_S899.sort.bam
1BF2780E47,broodstock,1BF2780E47_S900,385732,1041.81,/home/maccamp/kootenai/data/align/1BF2780E47_S900.sort.bam
1BF2734EDD,broodstock,1BF2734EDD_S901,326362,886.32,/home/maccamp/kootenai/data/align/1BF2734EDD_S901.sort.bam
1C2D456BF7,broodstock,1C2D456BF7_S902,725310,1958.57,/home/maccamp/kootenai/data/align/1C2D456BF7_S902.sort.bam
1BF272AEFC,broodstock,1BF272AEFC_S903,407100,1107.82,/home/maccamp/kootenai/data/align/1BF272AEFC_S903.sort.bam
1BF278574E,broodstock,1BF278574E_S906,618491,1663.48,/home/maccamp/kootenai/data/align/1BF278574E_S906.sort.bam
1BF2783414,broodstock,1BF2783414_S907,342730,923.479,/home/maccamp/kootenai/data/align/1BF2783414_S907.sort.bam
1BF2781899,broodstock,1BF2781899_S908,291143,794.746,/home/maccamp/kootenai/data/align/1BF2781899_S908.sort.bam
1BF2728749,broodstock,1BF2728749_S909,250889,680.776,/home/maccamp/kootenai/data/align/1BF2728749_S909.sort.bam
1BF2781193,broodstock,1BF2781193_S910,234506,637.006,/home/maccamp/kootenai/data/align/1BF2781193_S910.sort.bam
1BF2752923,broodstock,1BF2752923_S911,361342,986.212,/home/maccamp/kootenai/data/align/1BF2752923_S911.sort.bam
1BF274E7C2,broodstock,1BF274E7C2_S912,533498,1453.61,/home/maccamp/kootenai/data/align/1BF274E7C2_S912.sort.bam
1BF2776E93,broodstock,1BF2776E93_S914,322985,874.021,/home/maccamp/kootenai/data/align/1BF2776E93_S914.sort.bam
1BF2784D7D,broodstock,1BF2784D7D_S915,170041,455.302,/home/maccamp/kootenai/data/align/1BF2784D7D_S915.sort.bam
1BF2785D0B,broodstock,1BF2785D0B_S916,182140,489.85,/home/maccamp/kootenai/data/align/1BF2785D0B_S916.sort.bam
1BF27354D0,broodstock,1BF27354D0_S917,261997,713.832,/home/maccamp/kootenai/data/align/1BF27354D0_S917.sort.bam
1BF272D128,broodstock,1BF272D128_S918,219308,594.034,/home/maccamp/kootenai/data/align/1BF272D128_S918.sort.bam
1BF272AC47,broodstock,1BF272AC47_S919,412226,1124.7,/home/maccamp/kootenai/data/align/1BF272AC47_S919.sort.bam
1BF274C523,broodstock,1BF274C523_S920,108135,290.464,/home/maccamp/kootenai/data/align/1BF274C523_S920.sort.bam
1BF2785CE5,broodstock,1BF2785CE5_S922,567160,1510.28,/home/maccamp/kootenai/data/align/1BF2785CE5_S922.sort.bam
1BF2781BA4,broodstock,1BF2781BA4_S923,250794,679.251,/home/maccamp/kootenai/data/align/1BF2781BA4_S923.sort.bam
1BF27820A8,broodstock,1BF27820A8_S924,363595,989.247,/home/maccamp/kootenai/data/align/1BF27820A8_S924.sort.bam
1BF2730C72,broodstock,1BF2730C72_S925,268193,727.35,/home/maccamp/kootenai/data/align/1BF2730C72_S925.sort.bam
1BF2783414,broodstock,1BF2783414_S907,342730,923.479,/home/maccamp/kootenai/data/align/1BF2783414_S907.sort.bam
1BF274E703,broodstock,1BF274E703_S926,587324,1598.89,/home/maccamp/kootenai/data/align/1BF274E703_S926.sort.bam
1BF2780D78,broodstock,1BF2780D78_S927,126181,332.044,/home/maccamp/kootenai/data/align/1BF2780D78_S927.sort.bam
1BF278586A,broodstock,1BF278586A_S929,324771,869.836,/home/maccamp/kootenai/data/align/1BF278586A_S929.sort.bam
1BF27847D9,broodstock,1BF27847D9_S930,444060,1203,/home/maccamp/kootenai/data/align/1BF27847D9_S930.sort.bam
1BF272AC62,broodstock,1BF272AC62_S931,377845,1028.7,/home/maccamp/kootenai/data/align/1BF272AC62_S931.sort.bam
1BF2733FB9,broodstock,1BF2733FB9_S932,295009,801.455,/home/maccamp/kootenai/data/align/1BF2733FB9_S932.sort.bam
1BF274E703,broodstock,1BF274E703_S926,587324,1598.89,/home/maccamp/kootenai/data/align/1BF274E703_S926.sort.bam
1BF2731043,broodstock,1BF2731043_S933,116817,312.113,/home/maccamp/kootenai/data/align/1BF2731043_S933.sort.bam
1BF277FD8A,broodstock,1BF277FD8A_S935,315809,835.43,/home/maccamp/kootenai/data/align/1BF277FD8A_S935.sort.bam
1C2D456BF7,broodstock,1C2D456BF7_S902,725310,1958.57,/home/maccamp/kootenai/data/align/1C2D456BF7_S902.sort.bam
1BF2738FF2,broodstock,1BF2738FF2_S936,200799,515.055,/home/maccamp/kootenai/data/align/1BF2738FF2_S936.sort.bam
1BF2781BA8,broodstock,1BF2781BA8_S937,98031,249.467,/home/maccamp/kootenai/data/align/1BF2781BA8_S937.sort.bam
1BF2730EB7,broodstock,1BF2730EB7_S938,261557,677.065,/home/maccamp/kootenai/data/align/1BF2730EB7_S938.sort.bam
1BF277DBB2,broodstock,1BF277DBB2_S939,242185,616.542,/home/maccamp/kootenai/data/align/1BF277DBB2_S939.sort.bam
1BF26FE558,broodstock,1BF26FE558_S940,88023,222.384,/home/maccamp/kootenai/data/align/1BF26FE558_S940.sort.bam
7F7D3F3C48,broodstock,7F7D3F3C48_S941,153935,397.526,/home/maccamp/kootenai/data/align/7F7D3F3C48_S941.sort.bam
1BF27813DB,broodstock,1BF27813DB_S942,156942,395.989,/home/maccamp/kootenai/data/align/1BF27813DB_S942.sort.bam
1BF2734025,broodstock,1BF2734025_S943,197536,522.831,/home/maccamp/kootenai/data/align/1BF2734025_S943.sort.bam
1BF278260D,broodstock,1BF278260D_S944,486461,1276.3,/home/maccamp/kootenai/data/align/1BF278260D_S944.sort.bam
1BF2785748,broodstock,1BF2785748_S945,237708,618.295,/home/maccamp/kootenai/data/align/1BF2785748_S945.sort.bam
1C2DE10705,broodstock,1C2DE10705_S946,135559,350.201,/home/maccamp/kootenai/data/align/1C2DE10705_S946.sort.bam
1C2D9D398F,broodstock,1C2D9D398F_S947,103787,261.325,/home/maccamp/kootenai/data/align/1C2D9D398F_S947.sort.bam
1BF2785798,broodstock,1BF2785798_S948,106884,271.739,/home/maccamp/kootenai/data/align/1BF2785798_S948.sort.bam
142735625A,broodstock,142735625A_S949,156953,406.403,/home/maccamp/kootenai/data/align/142735625A_S949.sort.bam
1BF2785021,broodstock,1BF2785021_S950,319747,853.518,/home/maccamp/kootenai/data/align/1BF2785021_S950.sort.bam
1BF277DBB2,broodstock,1BF277DBB2_S939,242185,616.542,/home/maccamp/kootenai/data/align/1BF277DBB2_S939.sort.bam
1BF2732C28,broodstock,1BF2732C28_S951,123924,310.474,/home/maccamp/kootenai/data/align/1BF2732C28_S951.sort.bam
1BF274F505,broodstock,1BF274F505_S952,328405,859.082,/home/maccamp/kootenai/data/align/1BF274F505_S952.sort.bam
1BF2747100,broodstock,1BF2747100_S953,138669,354.513,/home/maccamp/kootenai/data/align/1BF2747100_S953.sort.bam
1BF27391AA,broodstock,1BF27391AA_S954,123957,312.281,/home/maccamp/kootenai/data/align/1BF27391AA_S954.sort.bam
1BF27504C1,broodstock,1BF27504C1_S955,153063,384.103,/home/maccamp/kootenai/data/align/1BF27504C1_S955.sort.bam
7F7E456D0E,broodstock,7F7E456D0E_S956,172499,441.949,/home/maccamp/kootenai/data/align/7F7E456D0E_S956.sort.bam
1C2D4CE25B,broodstock,1C2D4CE25B_S957,374640,995.571,/home/maccamp/kootenai/data/align/1C2D4CE25B_S957.sort.bam
1C2DB57237,broodstock,1C2DB57237_S958,446394,1184.62,/home/maccamp/kootenai/data/align/1C2DB57237_S958.sort.bam
1BF2747F5D,broodstock,1BF2747F5D_S959,200572,518.399,/home/maccamp/kootenai/data/align/1BF2747F5D_S959.sort.bam
1BF272E902,broodstock,1BF272E902_S960,120397,300.205,/home/maccamp/kootenai/data/align/1BF272E902_S960.sort.bam
1BF26FE755,broodstock,1BF26FE755_S961,112427,287.188,/home/maccamp/kootenai/data/align/1BF26FE755_S961.sort.bam
1BF273878A,broodstock,1BF273878A_S962,116834,293.577,/home/maccamp/kootenai/data/align/1BF273878A_S962.sort.bam
1BF2751565,broodstock,1BF2751565_S963,172941,528.6,/home/maccamp/kootenai/data/align/1BF2751565_S963.sort.bam
7F7D0A334C,broodstock,7F7D0A334C_S964,173203,449.866,/home/maccamp/kootenai/data/align/7F7D0A334C_S964.sort.bam
1BF2738BA7,broodstock,1BF2738BA7_S965,265399,699.624,/home/maccamp/kootenai/data/align/1BF2738BA7_S965.sort.bam
1C2D9D6936,broodstock,1C2D9D6936_S966,188024,490.402,/home/maccamp/kootenai/data/align/1C2D9D6936_S966.sort.bam
1BF2733E5E,broodstock,1BF2733E5E_S967,111673,278.677,/home/maccamp/kootenai/data/align/1BF2733E5E_S967.sort.bam
1BF27307E2,broodstock,1BF27307E2_S968,108826,273.189,/home/maccamp/kootenai/data/align/1BF27307E2_S968.sort.bam
1C2D4CE1CA,broodstock,1C2D4CE1CA_S969,297248,779.382,/home/maccamp/kootenai/data/align/1C2D4CE1CA_S969.sort.bam
7F7D3F4670,broodstock,7F7D3F4670_S970,121537,308.68,/home/maccamp/kootenai/data/align/7F7D3F4670_S970.sort.bam
1BF26FF349,broodstock,1BF26FF349_S971,137449,353.345,/home/maccamp/kootenai/data/align/1BF26FF349_S971.sort.bam
131566460A,broodstock,131566460A_S972,156811,404.156,/home/maccamp/kootenai/data/align/131566460A_S972.sort.bam
1BF272DI21,broodstock,1BF272DI21_S973,160121,411.048,/home/maccamp/kootenai/data/align/1BF272DI21_S973.sort.bam
1C2D44F136,broodstock,1C2D44F136_S974,163404,420.828,/home/maccamp/kootenai/data/align/1C2D44F136_S974.sort.bam
1C2D4D32CE,broodstock,1C2D4D32CE_S975,160567,408.074,/home/maccamp/kootenai/data/align/1C2D4D32CE_S975.sort.bam
1C2D4CCE65,broodstock,1C2D4CCE65_S976,123141,308.302,/home/maccamp/kootenai/data/align/1C2D4CCE65_S976.sort.bam
1BF27846D4,broodstock,1BF27846D4_S977,120911,305.439,/home/maccamp/kootenai/data/align/1BF27846D4_S977.sort.bam
1BF272860C,broodstock,1BF272860C_S978,123477,307.736,/home/maccamp/kootenai/data/align/1BF272860C_S978.sort.bam
7F7F42675,broodstock,7F7F42675_S979,146153,370.314,/home/maccamp/kootenai/data/align/7F7F42675_S979.sort.bam
7F7F403D5A,broodstock,7F7F403D5A_S980,220105,568.963,/home/maccamp/kootenai/data/align/7F7F403D5A_S980.sort.bam
1C2D6009FB,broodstock,1C2D6009FB_S981,118557,307.781,/home/maccamp/kootenai/data/align/1C2D6009FB_S981.sort.bam
1BF272B4DE,broodstock,1BF272B4DE_S982,168622,437.696,/home/maccamp/kootenai/data/align/1BF272B4DE_S982.sort.bam
1BF2748C16,broodstock,1BF2748C16_S983,111520,282.437,/home/maccamp/kootenai/data/align/1BF2748C16_S983.sort.bam
1BF274ECF9,broodstock,1BF274ECF9_S985,113499,304.418,/home/maccamp/kootenai/data/align/1BF274ECF9_S985.sort.bam
1BF274FA90,broodstock,1BF274FA90_S986,116045,290.457,/home/maccamp/kootenai/data/align/1BF274FA90_S986.sort.bam
1BF272EDD0,broodstock,1BF272EDD0_S987,187702,472.579,/home/maccamp/kootenai/data/align/1BF272EDD0_S987.sort.bam
7F7D0D796D,broodstock,7F7D0D796D_S988,211068,548.354,/home/maccamp/kootenai/data/align/7F7D0D796D_S988.sort.bam
1C2D9D6CC9,broodstock,1C2D9D6CC9_S989,344738,917.448,/home/maccamp/kootenai/data/align/1C2D9D6CC9_S989.sort.bam
1C2D9D69B1,broodstock,1C2D9D69B1_S990,176776,458.455,/home/maccamp/kootenai/data/align/1C2D9D69B1_S990.sort.bam
1BF2780EB0,broodstock,1BF2780EB0_S991,142963,363.352,/home/maccamp/kootenai/data/align/1BF2780EB0_S991.sort.bam
1BF27317F4,broodstock,1BF27317F4_S992,124710,318.442,/home/maccamp/kootenai/data/align/1BF27317F4_S992.sort.bam
239F84A81A,broodstock,239F84A81A_S993,173116,544.466,/home/maccamp/kootenai/data/align/239F84A81A_S993.sort.bam
1BF272932B,broodstock,1BF272932B_S994,168109,431.72,/home/maccamp/kootenai/data/align/1BF272932B_S994.sort.bam
1C2D9D69A8,broodstock,1C2D9D69A8_S995,130601,354.38,/home/maccamp/kootenai/data/align/1C2D9D69A8_S995.sort.bam
7F7F442A1B,broodstock,7F7F442A1B_S996,190436,493.989,/home/maccamp/kootenai/data/align/7F7F442A1B_S996.sort.bam
1BF2732E70,broodstock,1BF2732E70_S997,184979,485.619,/home/maccamp/kootenai/data/align/1BF2732E70_S997.sort.bam
1BF272A117,broodstock,1BF272A117_S998,180187,469.194,/home/maccamp/kootenai/data/align/1BF272A117_S998.sort.bam
1C2D456FBD,broodstock,1C2D456FBD_S999,291633,761.492,/home/maccamp/kootenai/data/align/1C2D456FBD_S999.sort.bam
1BF2785CE5,broodstock,1BF2785CE5_S922,567160,1510.28,/home/maccamp/kootenai/data/align/1BF2785CE5_S922.sort.bam
1BF272A931,broodstock,1BF272A931_S1000,135096,348.617,/home/maccamp/kootenai/data/align/1BF272A931_S1000.sort.bam
1BF274F352,broodstock,1BF274F352_S1001,107404,270.091,/home/maccamp/kootenai/data/align/1BF274F352_S1001.sort.bam
1BF97557F0,broodstock,1BF97557F0_S1002,123061,311.096,/home/maccamp/kootenai/data/align/1BF97557F0_S1002.sort.bam
7F7D31451E,broodstock,7F7D31451E_S1003,139530,359.365,/home/maccamp/kootenai/data/align/7F7D31451E_S1003.sort.bam
1C2D45873C,broodstock,1C2D45873C_S1004,298809,793.011,/home/maccamp/kootenai/data/align/1C2D45873C_S1004.sort.bam
239F847783,broodstock,239F847783_S1005,95375,248.326,/home/maccamp/kootenai/data/align/239F847783_S1005.sort.bam
239F848078,broodstock,239F848078_S1006,139353,352.966,/home/maccamp/kootenai/data/align/239F848078_S1006.sort.bam
1C2D4CA250,broodstock,1C2D4CA250_S1007,183546,475.155,/home/maccamp/kootenai/data/align/1C2D4CA250_S1007.sort.bam
239F849A92,broodstock,239F849A92_S1008,121251,305.765,/home/maccamp/kootenai/data/align/239F849A92_S1008.sort.bam
239F8449C6,broodstock,239F8449C6_S1009,221538,575.456,/home/maccamp/kootenai/data/align/239F8449C6_S1009.sort.bam
1BF272CAD6,broodstock,1BF272CAD6_S1010,202523,524.773,/home/maccamp/kootenai/data/align/1BF272CAD6_S1010.sort.bam
7F7F403775,broodstock,7F7F403775_S1011,214799,565.153,/home/maccamp/kootenai/data/align/7F7F403775_S1011.sort.bam
1C2D9D46EC,broodstock,1C2D9D46EC_S1012,319223,855.032,/home/maccamp/kootenai/data/align/1C2D9D46EC_S1012.sort.bam
1BF2730723,broodstock,1BF2730723_S1013,114168,292.495,/home/maccamp/kootenai/data/align/1BF2730723_S1013.sort.bam
1C2D456510,broodstock,1C2D456510_S1014,306170,790.672,/home/maccamp/kootenai/data/align/1C2D456510_S1014.sort.bam
1BF272DBF2,broodstock,1BF272DBF2_S1015,225833,594.656,/home/maccamp/kootenai/data/align/1BF272DBF2_S1015.sort.bam
IBF26FF079,broodstock,IBF26FF079_S1016,101238,271.657,/home/maccamp/kootenai/data/align/IBF26FF079_S1016.sort.bam
1C2D4C940B,broodstock,1C2D4C940B_S1017,166404,436.189,/home/maccamp/kootenai/data/align/1C2D4C940B_S1017.sort.bam
1BF26FF1D2,broodstock,1BF26FF1D2_S1018,143042,373.835,/home/maccamp/kootenai/data/align/1BF26FF1D2_S1018.sort.bam
7F7D10322,broodstock,7F7D10322_S1019,228519,599.809,/home/maccamp/kootenai/data/align/7F7D10322_S1019.sort.bam
1BF2770FD7,broodstock,1BF2770FD7_S1020,281728,743.29,/home/maccamp/kootenai/data/align/1BF2770FD7_S1020.sort.bam
1BF27852C4,broodstock,1BF27852C4_S1021,114993,285.645,/home/maccamp/kootenai/data/align/1BF27852C4_S1021.sort.bam
1BF2783AB8,broodstock,1BF2783AB8_S1022,110758,285.806,/home/maccamp/kootenai/data/align/1BF2783AB8_S1022.sort.bam
1BF273223A,broodstock,1BF273223A_S1023,84059,210.932,/home/maccamp/kootenai/data/align/1BF273223A_S1023.sort.bam
1BF277FE32,broodstock,1BF277FE32_S1024,176257,460.872,/home/maccamp/kootenai/data/align/1BF277FE32_S1024.sort.bam
142245585A,broodstock,142245585A_S1026,113594,290.691,/home/maccamp/kootenai/data/align/142245585A_S1026.sort.bam
133911116A,broodstock,133911116A_S1028,334521,902.606,/home/maccamp/kootenai/data/align/133911116A_S1028.sort.bam
1BF272E40D,broodstock,1BF272E40D_S1029,129299,345.538,/home/maccamp/kootenai/data/align/1BF272E40D_S1029.sort.bam
1BF27278BC,broodstock,1BF27278BC_S1030,91615,245.351,/home/maccamp/kootenai/data/align/1BF27278BC_S1030.sort.bam
130951683A,broodstock,130951683A_S1036,211396,567.96,/home/maccamp/kootenai/data/align/130951683A_S1036.sort.bam
1BF22B4FD,broodstock,1BF22B4FD_S1037,271614,710.49,/home/maccamp/kootenai/data/align/1BF22B4FD_S1037.sort.bam
1BF277A00B,broodstock,1BF277A00B_S1038,100266,270.282,/home/maccamp/kootenai/data/align/1BF277A00B_S1038.sort.bam
7F7E644573,broodstock,7F7E644573_S1044,125061,333.947,/home/maccamp/kootenai/data/align/7F7E644573_S1044.sort.bam
1BF277FE32,broodstock,1BF277FE32_S1024,176257,460.872,/home/maccamp/kootenai/data/align/1BF277FE32_S1024.sort.bam
1BF277FD8A,broodstock,1BF277FD8A_S935,315809,835.43,/home/maccamp/kootenai/data/align/1BF277FD8A_S935.sort.bam
1BF278260D,broodstock,1BF278260D_S944,486461,1276.3,/home/maccamp/kootenai/data/align/1BF278260D_S944.sort.bam
1BF27837F5,broodstock,1BF27837F5_S1050,319513,843.506,/home/maccamp/kootenai/data/align/1BF27837F5_S1050.sort.bam
1BF27803F8,broodstock,1BF27803F8_S1057,272626,712.883,/home/maccamp/kootenai/data/align/1BF27803F8_S1057.sort.bam
1BF278004B,broodstock,1BF278004B_S1058,280032,730.736,/home/maccamp/kootenai/data/align/1BF278004B_S1058.sort.bam
7F7E6E493D,broodstock,7F7E6E493D_S1066,68371,185.01,/home/maccamp/kootenai/data/align/7F7E6E493D_S1066.sort.bam
1BF2784B3E,broodstock,1BF2784B3E_S1073,276546,726.979,/home/maccamp/kootenai/data/align/1BF2784B3E_S1073.sort.bam
1BF27820C4,broodstock,1BF27820C4_S1074,112823,295.112,/home/maccamp/kootenai/data/align/1BF27820C4_S1074.sort.bam
1BF2781785,broodstock,1BF2781785_S1081,325279,866.317,/home/maccamp/kootenai/data/align/1BF2781785_S1081.sort.bam
1BF278591D,broodstock,1BF278591D_S1082,135996,364.295,/home/maccamp/kootenai/data/align/1BF278591D_S1082.sort.bam
1BF2780938,broodstock,1BF2780938_S1090,86659,232.457,/home/maccamp/kootenai/data/align/1BF2780938_S1090.sort.bam
1BF27806F1,broodstock,1BF27806F1_S1097,123069,327.357,/home/maccamp/kootenai/data/align/1BF27806F1_S1097.sort.bam
1BF2785C37,broodstock,1BF2785C37_S1098,95709,256.638,/home/maccamp/kootenai/data/align/1BF2785C37_S1098.sort.bam
1BF274CADA,broodstock,1BF274CADA_S1105,111930,292.362,/home/maccamp/kootenai/data/align/1BF274CADA_S1105.sort.bam
1BF2780751,broodstock,1BF2780751_S1106,91050,244.701,/home/maccamp/kootenai/data/align/1BF2780751_S1106.sort.bam
1BF278092B,broodstock,1BF278092B_S1113,300714,795.429,/home/maccamp/kootenai/data/align/1BF278092B_S1113.sort.bam
1BF272BB7C,broodstock,1BF272BB7C_S1114,96852,256.923,/home/maccamp/kootenai/data/align/1BF272BB7C_S1114.sort.bam
1BF274F505,broodstock,1BF274F505_S952,328405,859.082,/home/maccamp/kootenai/data/align/1BF274F505_S952.sort.bam
1BF26FDD87,broodstock,1BF26FDD87_S1132,420670,1142.97,/home/maccamp/kootenai/data/align/1BF26FDD87_S1132.sort.bam
1BF278331C,broodstock,1BF278331C_S1140,292519,789.097,/home/maccamp/kootenai/data/align/1BF278331C_S1140.sort.bam
1BF2727874,broodstock,1BF2727874_S1148,95186,250.705,/home/maccamp/kootenai/data/align/1BF2727874_S1148.sort.bam
1BF277F89E,broodstock,1BF277F89E_S1156,211593,569.115,/home/maccamp/kootenai/data/align/1BF277F89E_S1156.sort.bam
1C2DB5E7B1,broodstock,1C2DB5E7B1_S1163,214317,574.992,/home/maccamp/kootenai/data/align/1C2DB5E7B1_S1163.sort.bam
1C2D458C31,broodstock,1C2D458C31_S1164,144905,386.671,/home/maccamp/kootenai/data/align/1C2D458C31_S1164.sort.bam
1A19B2F836,broodstock,1A19B2F836_S1171,383246,1060.84,/home/maccamp/kootenai/data/align/1A19B2F836_S1171.sort.bam
1BF274D768,broodstock,1BF274D768_S1172,110176,292.592,/home/maccamp/kootenai/data/align/1BF274D768_S1172.sort.bam
1BF9752A33,broodstock,1BF9752A33_S1179,68710,179.179,/home/maccamp/kootenai/data/align/1BF9752A33_S1179.sort.bam
1BF2785748,broodstock,1BF2785748_S945,237708,618.295,/home/maccamp/kootenai/data/align/1BF2785748_S945.sort.bam
1BF274E5B8,broodstock,1BF274E5B8_S1186,180227,486.333,/home/maccamp/kootenai/data/align/1BF274E5B8_S1186.sort.bam
1C2D456510,broodstock,1C2D456510_S1014,306170,790.672,/home/maccamp/kootenai/data/align/1C2D456510_S1014.sort.bam
1C2D456FBD,broodstock,1C2D456FBD_S999,291633,761.492,/home/maccamp/kootenai/data/align/1C2D456FBD_S999.sort.bam
1BF27838DB,broodstock,1BF27838DB_S1193,169223,455.264,/home/maccamp/kootenai/data/align/1BF27838DB_S1193.sort.bam
1A19B33A21,broodstock,1A19B33A21_S1200,252082,679.528,/home/maccamp/kootenai/data/align/1A19B33A21_S1200.sort.bam
1BF2785D58,broodstock,1BF2785D58_S1207,227348,607.371,/home/maccamp/kootenai/data/align/1BF2785D58_S1207.sort.bam
7F7D3F627C,broodstock,7F7D3F627C_S1313,88559,255.38,/home/maccamp/kootenai/data/align/7F7D3F627C_S1313.sort.bam
7F7D407C0A,broodstock,7F7D407C0A_S1314,267693,719.746,/home/maccamp/kootenai/data/align/7F7D407C0A_S1314.sort.bam
7F7F120A61,broodstock,7F7F120A61_S1315,92619,252.613,/home/maccamp/kootenai/data/align/7F7F120A61_S1315.sort.bam
7F7E6A475C,broodstock,7F7E6A475C_S1320,111375,294.602,/home/maccamp/kootenai/data/align/7F7E6A475C_S1320.sort.bam
131452472A,broodstock,131452472A_S1321,95627,251.743,/home/maccamp/kootenai/data/align/131452472A_S1321.sort.bam
7F7F140B70,broodstock,7F7F140B70_S1322,117352,325.465,/home/maccamp/kootenai/data/align/7F7F140B70_S1322.sort.bam
7F7D0F606E,broodstock,7F7D0F606E_S1328,233773,632.066,/home/maccamp/kootenai/data/align/7F7D0F606E_S1328.sort.bam
134538662A,broodstock,134538662A_S1329,157482,417.831,/home/maccamp/kootenai/data/align/134538662A_S1329.sort.bam
133615697A,broodstock,133615697A_S1330,155589,408.827,/home/maccamp/kootenai/data/align/133615697A_S1330.sort.bam
134675261A,broodstock,134675261A_S1335,125617,335.63,/home/maccamp/kootenai/data/align/134675261A_S1335.sort.bam
7F7E456678,broodstock,7F7E456678_S1336,160898,426.502,/home/maccamp/kootenai/data/align/7F7E456678_S1336.sort.bam
7F7D406560,broodstock,7F7D406560_S1337,183862,486.911,/home/maccamp/kootenai/data/align/7F7D406560_S1337.sort.bam
7F7E6A3C24,broodstock,7F7E6A3C24_S1338,86029,225.898,/home/maccamp/kootenai/data/align/7F7E6A3C24_S1338.sort.bam
7F7D113372,broodstock,7F7D113372_S1343,93272,246.335,/home/maccamp/kootenai/data/align/7F7D113372_S1343.sort.bam
7F7D0D7C0F,broodstock,7F7D0D7C0F_S1344,216911,585.106,/home/maccamp/kootenai/data/align/7F7D0D7C0F_S1344.sort.bam
7F7D101A7B,broodstock,7F7D101A7B_S1345,149257,394.674,/home/maccamp/kootenai/data/align/7F7D101A7B_S1345.sort.bam
F7F441E79,broodstock,F7F441E79_S1346,135063,353.733,/home/maccamp/kootenai/data/align/F7F441E79_S1346.sort.bam
7F7F44193C,broodstock,7F7F44193C_S1351,141931,376.133,/home/maccamp/kootenai/data/align/7F7F44193C_S1351.sort.bam
7F7D420C65,broodstock,7F7D420C65_S1352,100189,290.039,/home/maccamp/kootenai/data/align/7F7D420C65_S1352.sort.bam
134652226A,broodstock,134652226A_S1353,97783,257.364,/home/maccamp/kootenai/data/align/134652226A_S1353.sort.bam
133764683A,broodstock,133764683A_S1354,126543,332.008,/home/maccamp/kootenai/data/align/133764683A_S1354.sort.bam
7F7F403672,broodstock,7F7F403672_S1359,100748,304.978,/home/maccamp/kootenai/data/align/7F7F403672_S1359.sort.bam
7F7F427559,broodstock,7F7F427559_S1360,126454,335.178,/home/maccamp/kootenai/data/align/7F7F427559_S1360.sort.bam
7F7D11227A,broodstock,7F7D11227A_S1361,111186,293.412,/home/maccamp/kootenai/data/align/7F7D11227A_S1361.sort.bam
127975561A,broodstock,127975561A_S1362,205362,542.614,/home/maccamp/kootenai/data/align/127975561A_S1362.sort.bam
7F7D0E2972,broodstock,7F7D0E2972_S1367,96615,286.523,/home/maccamp/kootenai/data/align/7F7D0E2972_S1367.sort.bam
7F7D374C53,broodstock,7F7D374C53_S1368,111138,294.394,/home/maccamp/kootenai/data/align/7F7D374C53_S1368.sort.bam
7F7D3F5261,broodstock,7F7D3F5261_S1369,80066,212.226,/home/maccamp/kootenai/data/align/7F7D3F5261_S1369.sort.bam
7F7D3E2765,broodstock,7F7D3E2765_S1370,111984,293.951,/home/maccamp/kootenai/data/align/7F7D3E2765_S1370.sort.bam
7F7D3F6532,broodstock,7F7D3F6532_S1375,108874,311.336,/home/maccamp/kootenai/data/align/7F7D3F6532_S1375.sort.bam
127575731A,broodstock,127575731A_S1376,237797,636.428,/home/maccamp/kootenai/data/align/127575731A_S1376.sort.bam
133874667A,broodstock,133874667A_S1377,182149,486.295,/home/maccamp/kootenai/data/align/133874667A_S1377.sort.bam
7F7D394700,broodstock,7F7D394700_S1378,156552,412.289,/home/maccamp/kootenai/data/align/7F7D394700_S1378.sort.bam
7F7D0F3054,broodstock,7F7D0F3054_S1384,152512,406.159,/home/maccamp/kootenai/data/align/7F7D0F3054_S1384.sort.bam
7F7D36580B,broodstock,7F7D36580B_S1385,216537,584.715,/home/maccamp/kootenai/data/align/7F7D36580B_S1385.sort.bam
142455360A,broodstock,142455360A_S1386,216563,569.537,/home/maccamp/kootenai/data/align/142455360A_S1386.sort.bam
7F7B0F6453,broodstock,7F7B0F6453_S1391,148184,401.45,/home/maccamp/kootenai/data/align/7F7B0F6453_S1391.sort.bam
127959585A,broodstock,127959585A_S1392,231591,619.662,/home/maccamp/kootenai/data/align/127959585A_S1392.sort.bam
134539154A,broodstock,134539154A_S1393,75490,198.675,/home/maccamp/kootenai/data/align/134539154A_S1393.sort.bam
7F7D11270D,broodstock,7F7D11270D_S1399,110627,293.158,/home/maccamp/kootenai/data/align/7F7D11270D_S1399.sort.bam
7F7D0F1D10,broodstock,7F7D0F1D10_S1400,209518,560.713,/home/maccamp/kootenai/data/align/7F7D0F1D10_S1400.sort.bam
42650B0659,broodstock,42650B0659_S1401,234098,618.643,/home/maccamp/kootenai/data/align/42650B0659_S1401.sort.bam
1BF27490D2,broodstock,1BF27490D2_S1556,184574,499.431,/home/maccamp/kootenai/data/align/1BF27490D2_S1556.sort.bam
1BF274F6B7,broodstock,1BF274F6B7_S1572,125954,336.481,/home/maccamp/kootenai/data/align/1BF274F6B7_S1572.sort.bam
1A19B2FD63,broodstock,1A19B2FD63_S1544,217005,587.31,/home/maccamp/kootenai/data/align/1A19B2FD63_S1544.sort.bam
1BF277EA5E,broodstock,1BF277EA5E_S1551,270929,737.119,/home/maccamp/kootenai/data/align/1BF277EA5E_S1551.sort.bam
1BF272E8DF,broodstock,1BF272E8DF_S1557,338086,922.886,/home/maccamp/kootenai/data/align/1BF272E8DF_S1557.sort.bam
1BF272AFB5,broodstock,1BF272AFB5_S1563,247378,674.092,/home/maccamp/kootenai/data/align/1BF272AFB5_S1563.sort.bam
1C2DB5733B,broodstock,1C2DB5733B_S1570,323696,877.721,/home/maccamp/kootenai/data/align/1C2DB5733B_S1570.sort.bam
1BF272D7DC,broodstock,1BF272D7DC_S1577,393442,1063.45,/home/maccamp/kootenai/data/align/1BF272D7DC_S1577.sort.bam
127453356A,broodstock,127453356A_S1504,148969,396.173,/home/maccamp/kootenai/data/align/127453356A_S1504.sort.bam
7F7D3E2D1B,broodstock,7F7D3E2D1B_S1505,104521,278.316,/home/maccamp/kootenai/data/align/7F7D3E2D1B_S1505.sort.bam
1BF2784B3E,broodstock,1BF2784B3E_S1073,276546,726.979,/home/maccamp/kootenai/data/align/1BF2784B3E_S1073.sort.bam
134648651A,broodstock,134648651A_S1511,175356,466.38,/home/maccamp/kootenai/data/align/134648651A_S1511.sort.bam
1BF27820C4,broodstock,1BF27820C4_S1074,112823,295.112,/home/maccamp/kootenai/data/align/1BF27820C4_S1074.sort.bam
7F7D0D626B,broodstock,7F7D0D626B_S1518,149476,404.427,/home/maccamp/kootenai/data/align/7F7D0D626B_S1518.sort.bam
127612561A,broodstock,127612561A_S1519,188598,508.254,/home/maccamp/kootenai/data/align/127612561A_S1519.sort.bam
7F7F403768,broodstock,7F7F403768_S1525,139439,375.591,/home/maccamp/kootenai/data/align/7F7F403768_S1525.sort.bam
1BF27806F1,broodstock,1BF27806F1_S1097,123069,327.357,/home/maccamp/kootenai/data/align/1BF27806F1_S1097.sort.bam
142863165A,broodstock,142863165A_S1531,137995,369.204,/home/maccamp/kootenai/data/align/142863165A_S1531.sort.bam
142727334A,broodstock,142727334A_S1532,157367,421.285,/home/maccamp/kootenai/data/align/142727334A_S1532.sort.bam
1BF274CADA,broodstock,1BF274CADA_S1105,111930,292.362,/home/maccamp/kootenai/data/align/1BF274CADA_S1105.sort.bam
7F7E6A3E40,broodstock,7F7E6A3E40_S1538,183895,499.248,/home/maccamp/kootenai/data/align/7F7E6A3E40_S1538.sort.bam
34737146A,broodstock,34737146A_S1539,125569,336.213,/home/maccamp/kootenai/data/align/34737146A_S1539.sort.bam
1BF278092B,broodstock,1BF278092B_S1113,300714,795.429,/home/maccamp/kootenai/data/align/1BF278092B_S1113.sort.bam
7F7D42027B,broodstock,7F7D42027B_S1545,112102,299.543,/home/maccamp/kootenai/data/align/7F7D42027B_S1545.sort.bam
7F7D273E51,broodstock,7F7D273E51_S1546,126943,339.131,/home/maccamp/kootenai/data/align/7F7D273E51_S1546.sort.bam
7F7D421A17,broodstock,7F7D421A17_S1552,150515,400.667,/home/maccamp/kootenai/data/align/7F7D421A17_S1552.sort.bam
1BF22B4FD,broodstock,1BF22B4FD_S1037,271614,710.49,/home/maccamp/kootenai/data/align/1BF22B4FD_S1037.sort.bam
141436352A,broodstock,141436352A_S1558,118032,316.056,/home/maccamp/kootenai/data/align/141436352A_S1558.sort.bam
1BF278260D,broodstock,1BF278260D_S944,486461,1276.3,/home/maccamp/kootenai/data/align/1BF278260D_S944.sort.bam
7F7D407C0A,broodstock,7F7D407C0A_S1314,267693,719.746,/home/maccamp/kootenai/data/align/7F7D407C0A_S1314.sort.bam
142411155A,broodstock,142411155A_S1564,148551,396.842,/home/maccamp/kootenai/data/align/142411155A_S1564.sort.bam
1BF27837F5,broodstock,1BF27837F5_S1050,319513,843.506,/home/maccamp/kootenai/data/align/1BF27837F5_S1050.sort.bam
7F7D0F220F,broodstock,7F7D0F220F_S1571,112013,300.731,/home/maccamp/kootenai/data/align/7F7D0F220F_S1571.sort.bam
1BF27803F8,broodstock,1BF27803F8_S1057,272626,712.883,/home/maccamp/kootenai/data/align/1BF27803F8_S1057.sort.bam
134635634A,broodstock,134635634A_S1578,158051,417.186,/home/maccamp/kootenai/data/align/134635634A_S1578.sort.bam
1BF278004B,broodstock,1BF278004B_S1058,280032,730.736,/home/maccamp/kootenai/data/align/1BF278004B_S1058.sort.bam
1BF272A8F9,broodstock,1BF272A8F9_S1580,215694,578.124,/home/maccamp/kootenai/data/align/1BF272A8F9_S1580.sort.bam
1C2D4C8CAE,broodstock,1C2D4C8CAE_S1581,112230,303.588,/home/maccamp/kootenai/data/align/1C2D4C8CAE_S1581.sort.bam
1BF272650F,broodstock,1BF272650F_S1582,128075,345.514,/home/maccamp/kootenai/data/align/1BF272650F_S1582.sort.bam
1BF272F98E,broodstock,1BF272F98E_S1583,203090,547.524,/home/maccamp/kootenai/data/align/1BF272F98E_S1583.sort.bam
1BF2733F42,broodstock,1BF2733F42_S1584,111457,299.09,/home/maccamp/kootenai/data/align/1BF2733F42_S1584.sort.bam
1A19B2F812,broodstock,1A19B2F812_S1585,106702,289.28,/home/maccamp/kootenai/data/align/1A19B2F812_S1585.sort.bam
1C2D4CD5B9,broodstock,1C2D4CD5B9_S1587,184866,498.759,/home/maccamp/kootenai/data/align/1C2D4CD5B9_S1587.sort.bam
1BF2780E47,broodstock,1BF2780E47_S900,385732,1041.81,/home/maccamp/kootenai/data/align/1BF2780E47_S900.sort.bam
1BF2F2D381,broodstock,1BF2F2D381_S1588,124293,335.916,/home/maccamp/kootenai/data/align/1BF2F2D381_S1588.sort.bam
1BF2734042,broodstock,1BF2734042_S1589,203189,551.792,/home/maccamp/kootenai/data/align/1BF2734042_S1589.sort.bam
1BF274A5E8,broodstock,1BF274A5E8_S1590,87774,234.897,/home/maccamp/kootenai/data/align/1BF274A5E8_S1590.sort.bam
7F7D112A46,broodstock,7F7D112A46_S1592,66187,200.544,/home/maccamp/kootenai/data/align/7F7D112A46_S1592.sort.bam
1C2D458DE4,broodstock,1C2D458DE4_S1593,226493,609.377,/home/maccamp/kootenai/data/align/1C2D458DE4_S1593.sort.bam
1BF2730F9B,broodstock,1BF2730F9B_S1594,196411,532.96,/home/maccamp/kootenai/data/align/1BF2730F9B_S1594.sort.bam
1BF274F603,broodstock,1BF274F603_S1595,167024,450.672,/home/maccamp/kootenai/data/align/1BF274F603_S1595.sort.bam
1BF27845F9,broodstock,1BF27845F9_S1596,245790,668.123,/home/maccamp/kootenai/data/align/1BF27845F9_S1596.sort.bam
1BF27422AF,broodstock,1BF27422AF_S1597,120632,323.538,/home/maccamp/kootenai/data/align/1BF27422AF_S1597.sort.bam
239F847C6D,broodstock,239F847C6D_S1598,106655,285.766,/home/maccamp/kootenai/data/align/239F847C6D_S1598.sort.bam
1BF272E212,broodstock,1BF272E212_S1600,266346,714.63,/home/maccamp/kootenai/data/align/1BF272E212_S1600.sort.bam
1C2D4D1B80,broodstock,1C2D4D1B80_S1601,389292,1063.38,/home/maccamp/kootenai/data/align/1C2D4D1B80_S1601.sort.bam
1BF277FF3B,broodstock,1BF277FF3B_S860,391819,1059.71,/home/maccamp/kootenai/data/align/1BF277FF3B_S860.sort.bam
1BF2784F37,broodstock,1BF2784F37_S1602,286148,779.082,/home/maccamp/kootenai/data/align/1BF2784F37_S1602.sort.bam
1BF272F4FA,broodstock,1BF272F4FA_S872,666803,1814.23,/home/maccamp/kootenai/data/align/1BF272F4FA_S872.sort.bam
1BF278334E,broodstock,1BF278334E_S1603,159563,432.149,/home/maccamp/kootenai/data/align/1BF278334E_S1603.sort.bam
1C2DB56763,broodstock,1C2DB56763_S1605,219293,586.646,/home/maccamp/kootenai/data/align/1C2DB56763_S1605.sort.bam
1C2DB57237,broodstock,1C2DB57237_S958,446394,1184.62,/home/maccamp/kootenai/data/align/1C2DB57237_S958.sort.bam
1BF2780CAA,broodstock,1BF2780CAA_S1606,155933,416.206,/home/maccamp/kootenai/data/align/1BF2780CAA_S1606.sort.bam
1BF278544F,broodstock,1BF278544F_S1607,259635,698.47,/home/maccamp/kootenai/data/align/1BF278544F_S1607.sort.bam
1B79752B7E,broodstock,1B79752B7E_S1608,148840,397.134,/home/maccamp/kootenai/data/align/1B79752B7E_S1608.sort.bam
1BF26FFB73,broodstock,1BF26FFB73_S1609,136310,366.366,/home/maccamp/kootenai/data/align/1BF26FFB73_S1609.sort.bam
1BF273FDA5,broodstock,1BF273FDA5_S1611,233727,629.52,/home/maccamp/kootenai/data/align/1BF273FDA5_S1611.sort.bam
1BF2781C1F,broodstock,1BF2781C1F_S1612,280925,758.891,/home/maccamp/kootenai/data/align/1BF2781C1F_S1612.sort.bam
1C2DB59BB1,broodstock,1C2DB59BB1_S1613,222245,599.897,/home/maccamp/kootenai/data/align/1C2DB59BB1_S1613.sort.bam
1C2D4562D2,broodstock,1C2D4562D2_S1614,233144,626.448,/home/maccamp/kootenai/data/align/1C2D4562D2_S1614.sort.bam
1C2D6040AA,broodstock,1C2D6040AA_S1615,117284,311.659,/home/maccamp/kootenai/data/align/1C2D6040AA_S1615.sort.bam
1BF278574E,broodstock,1BF278574E_S906,618491,1663.48,/home/maccamp/kootenai/data/align/1BF278574E_S906.sort.bam
1BF278574E,broodstock,1BF278574E_S906,618491,1663.48,/home/maccamp/kootenai/data/align/1BF278574E_S906.sort.bam
1BF27400FA,broodstock,1BF27400FA_S1622,216425,581.665,/home/maccamp/kootenai/data/align/1BF27400FA_S1622.sort.bam
1C2D4CE1DA,broodstock,1C2D4CE1DA_S1623,243119,656.817,/home/maccamp/kootenai/data/align/1C2D4CE1DA_S1623.sort.bam
1BF2740A1E,broodstock,1BF2740A1E_S1624,284492,769.678,/home/maccamp/kootenai/data/align/1BF2740A1E_S1624.sort.bam
1BF2F27504C1,broodstock,1BF2F27504C1_S1625,192552,516.78,/home/maccamp/kootenai/data/align/1BF2F27504C1_S1625.sort.bam
1C2D458065,broodstock,1C2D458065_S1626,208596,559.481,/home/maccamp/kootenai/data/align/1C2D458065_S1626.sort.bam
1C2D9D22FB,broodstock,1C2D9D22FB_S1627,159122,428.037,/home/maccamp/kootenai/data/align/1C2D9D22FB_S1627.sort.bam
1BF272CA07,broodstock,1BF272CA07_S1628,149291,399.235,/home/maccamp/kootenai/data/align/1BF272CA07_S1628.sort.bam
1BF278271A,broodstock,1BF278271A_S1629,238691,636.98,/home/maccamp/kootenai/data/align/1BF278271A_S1629.sort.bam
1BF27810A3,broodstock,1BF27810A3_S1630,168020,453.144,/home/maccamp/kootenai/data/align/1BF27810A3_S1630.sort.bam
1BF2782C27,broodstock,1BF2782C27_S1631,471574,1285.25,/home/maccamp/kootenai/data/align/1BF2782C27_S1631.sort.bam
1BF277FD00,broodstock,1BF277FD00_S1632,297485,798.204,/home/maccamp/kootenai/data/align/1BF277FD00_S1632.sort.bam
1BF272FD6C,broodstock,1BF272FD6C_S1633,171429,458.884,/home/maccamp/kootenai/data/align/1BF272FD6C_S1633.sort.bam
1BF274F310,broodstock,1BF274F310_S1634,252261,681.241,/home/maccamp/kootenai/data/align/1BF274F310_S1634.sort.bam
131275285A,broodstock,131275285A_S1635,263872,713.009,/home/maccamp/kootenai/data/align/131275285A_S1635.sort.bam
1BF27334E2,broodstock,1BF27334E2_S1636,205491,552.871,/home/maccamp/kootenai/data/align/1BF27334E2_S1636.sort.bam
1BF26FE828,broodstock,1BF26FE828_S1638,284582,764.049,/home/maccamp/kootenai/data/align/1BF26FE828_S1638.sort.bam
1C2D4D1C51,broodstock,1C2D4D1C51_S1639,197379,531.065,/home/maccamp/kootenai/data/align/1C2D4D1C51_S1639.sort.bam
1BF272F580,broodstock,1BF272F580_S1640,217563,586.608,/home/maccamp/kootenai/data/align/1BF272F580_S1640.sort.bam
1BF2782DD6,broodstock,1BF2782DD6_S1641,151469,405.124,/home/maccamp/kootenai/data/align/1BF2782DD6_S1641.sort.bam
1BF27839EA,broodstock,1BF27839EA_S1642,149043,399.547,/home/maccamp/kootenai/data/align/1BF27839EA_S1642.sort.bam
1C2D9D697C,broodstock,1C2D9D697C_S1644,175693,469.725,/home/maccamp/kootenai/data/align/1C2D9D697C_S1644.sort.bam
1BF272DC51,broodstock,1BF272DC51_S1645,152416,408.23,/home/maccamp/kootenai/data/align/1BF272DC51_S1645.sort.bam
1BF26FF7FE,broodstock,1BF26FF7FE_S1646,165477,444.464,/home/maccamp/kootenai/data/align/1BF26FF7FE_S1646.sort.bam
1BF278350A,broodstock,1BF278350A_S1648,107331,288.425,/home/maccamp/kootenai/data/align/1BF278350A_S1648.sort.bam
5351_5,offspring,5351_5_S1548,298312,813.505,/home/maccamp/kootenai/data/align/5351_5_S1548.sort.bam
5351_10,offspring,5351_10_S1560,263074,713.695,/home/maccamp/kootenai/data/align/5351_10_S1560.sort.bam
5351_14,offspring,5351_14_S1567,281284,762.061,/home/maccamp/kootenai/data/align/5351_14_S1567.sort.bam
5351_11,offspring,5351_11_S1574,374740,1010.07,/home/maccamp/kootenai/data/align/5351_11_S1574.sort.bam
0E6A_1,offspring,0E6A_1_S1501,300096,811.816,/home/maccamp/kootenai/data/align/0E6A_1_S1501.sort.bam
0E6A_6,offspring,0E6A_6_S1508,221239,600.434,/home/maccamp/kootenai/data/align/0E6A_6_S1508.sort.bam
0E6A_15,offspring,0E6A_15_S1515,94368,250.461,/home/maccamp/kootenai/data/align/0E6A_15_S1515.sort.bam
0E6A_4,offspring,0E6A_4_S1522,203226,551.719,/home/maccamp/kootenai/data/align/0E6A_4_S1522.sort.bam
0E6A_8,offspring,0E6A_8_S1528,172835,464.961,/home/maccamp/kootenai/data/align/0E6A_8_S1528.sort.bam
193C_12,offspring,193C_12_S1535,402508,1096.46,/home/maccamp/kootenai/data/align/193C_12_S1535.sort.bam
193C_5,offspring,193C_5_S1542,267095,723.031,/home/maccamp/kootenai/data/align/193C_5_S1542.sort.bam
193C_19,offspring,193C_19_S1549,216008,584.635,/home/maccamp/kootenai/data/align/193C_19_S1549.sort.bam
193C_4,offspring,193C_4_S1555,265680,721.108,/home/maccamp/kootenai/data/align/193C_4_S1555.sort.bam
193C_2,offspring,193C_2_S1561,297888,809.895,/home/maccamp/kootenai/data/align/193C_2_S1561.sort.bam
630F_5,offspring,630F_5_S1568,118150,314.253,/home/maccamp/kootenai/data/align/630F_5_S1568.sort.bam
630F_11,offspring,630F_11_S1575,135203,357.992,/home/maccamp/kootenai/data/align/630F_11_S1575.sort.bam
630F_9,offspring,630F_9_S1502,251897,678.634,/home/maccamp/kootenai/data/align/630F_9_S1502.sort.bam
630F_12,offspring,630F_12_S1509,299407,817.222,/home/maccamp/kootenai/data/align/630F_12_S1509.sort.bam
630F_18,offspring,630F_18_S1516,297373,812.325,/home/maccamp/kootenai/data/align/630F_18_S1516.sort.bam
6453_17,offspring,6453_17_S1523,582612,1599.43,/home/maccamp/kootenai/data/align/6453_17_S1523.sort.bam
6453_20,offspring,6453_20_S1536,381256,1040.1,/home/maccamp/kootenai/data/align/6453_20_S1536.sort.bam
6453_14,offspring,6453_14_S1543,230203,624.911,/home/maccamp/kootenai/data/align/6453_14_S1543.sort.bam
6453_3,offspring,6453_3_S1550,102300,272.69,/home/maccamp/kootenai/data/align/6453_3_S1550.sort.bam
193C_1,offspring,193C_1_S1214,232640,595.039,/home/maccamp/kootenai/data/align/193C_1_S1214.sort.bam
BC5351_7,offspring,BC5351_7_S1237,131433,338.177,/home/maccamp/kootenai/data/align/BC5351_7_S1237.sort.bam
BC5351_9,offspring,BC5351_9_S1213,340813,902.603,/home/maccamp/kootenai/data/align/BC5351_9_S1213.sort.bam
BC5351_2,offspring,BC5351_2_S1221,258611,691.218,/home/maccamp/kootenai/data/align/BC5351_2_S1221.sort.bam
BC5351_13,offspring,BC5351_13_S1229,246260,654.508,/home/maccamp/kootenai/data/align/BC5351_13_S1229.sort.bam
BC5351_7,offspring,BC5351_7_S1237,131433,338.177,/home/maccamp/kootenai/data/align/BC5351_7_S1237.sort.bam
BC5351_4,offspring,BC5351_4_S1245,96991,251.993,/home/maccamp/kootenai/data/align/BC5351_4_S1245.sort.bam
0E6A_7,offspring,0E6A_7_S1253,281662,754.645,/home/maccamp/kootenai/data/align/0E6A_7_S1253.sort.bam
0E6A_5,offspring,0E6A_5_S1261,115570,302.205,/home/maccamp/kootenai/data/align/0E6A_5_S1261.sort.bam
0E6A_3,offspring,0E6A_3_S1269,337686,902.917,/home/maccamp/kootenai/data/align/0E6A_3_S1269.sort.bam
0E6A,offspring,0E6A_S1277,268898,720.193,/home/maccamp/kootenai/data/align/0E6A_S1277.sort.bam
0E6A_19,offspring,0E6A_19_S1285,202647,542.151,/home/maccamp/kootenai/data/align/0E6A_19_S1285.sort.bam
193C_18,offspring,193C_18_S1293,402658,1079.57,/home/maccamp/kootenai/data/align/193C_18_S1293.sort.bam
193C_14,offspring,193C_14_S1301,410771,1099.84,/home/maccamp/kootenai/data/align/193C_14_S1301.sort.bam
193C_1,offspring,193C_1_S1214,232640,595.039,/home/maccamp/kootenai/data/align/193C_1_S1214.sort.bam
193C_11,offspring,193C_11_S1222,111193,289.453,/home/maccamp/kootenai/data/align/193C_11_S1222.sort.bam
193C_07,offspring,193C_07_S1230,278670,744.828,/home/maccamp/kootenai/data/align/193C_07_S1230.sort.bam
630F_6,offspring,630F_6_S1238,330596,889.073,/home/maccamp/kootenai/data/align/630F_6_S1238.sort.bam
630F_20,offspring,630F_20_S1246,257069,690.181,/home/maccamp/kootenai/data/align/630F_20_S1246.sort.bam
630F_16,offspring,630F_16_S1254,90990,235.665,/home/maccamp/kootenai/data/align/630F_16_S1254.sort.bam
630F_3,offspring,630F_3_S1262,100695,262.437,/home/maccamp/kootenai/data/align/630F_3_S1262.sort.bam
630F_14,offspring,630F_14_S1270,354766,956.168,/home/maccamp/kootenai/data/align/630F_14_S1270.sort.bam
6453_11,offspring,6453_11_S1278,329439,889.385,/home/maccamp/kootenai/data/align/6453_11_S1278.sort.bam
6453_15,offspring,6453_15_S1286,82778,214.892,/home/maccamp/kootenai/data/align/6453_15_S1286.sort.bam
6453_12,offspring,6453_12_S1294,83840,215.829,/home/maccamp/kootenai/data/align/6453_12_S1294.sort.bam
6453_4,offspring,6453_4_S1302,410720,1104.28,/home/maccamp/kootenai/data/align/6453_4_S1302.sort.bam
6453_1,offspring,6453_1_S1215,283864,745.395,/home/maccamp/kootenai/data/align/6453_1_S1215.sort.bam
6CD2_13,offspring,6CD2_13_S1051,139631,373.26,/home/maccamp/kootenai/data/align/6CD2_13_S1051.sort.bam
6CD2_16,offspring,6CD2_16_S1059,136323,363.89,/home/maccamp/kootenai/data/align/6CD2_16_S1059.sort.bam
6CD2_23,offspring,6CD2_23_S1067,134642,358.477,/home/maccamp/kootenai/data/align/6CD2_23_S1067.sort.bam
6CD2_17,offspring,6CD2_17_S1075,157155,419.108,/home/maccamp/kootenai/data/align/6CD2_17_S1075.sort.bam
6CD2_9,offspring,6CD2_9_S1083,151926,404.109,/home/maccamp/kootenai/data/align/6CD2_9_S1083.sort.bam
6BF7_16,offspring,6BF7_16_S1091,169385,451.49,/home/maccamp/kootenai/data/align/6BF7_16_S1091.sort.bam
6BF7_20,offspring,6BF7_20_S1099,199756,538.328,/home/maccamp/kootenai/data/align/6BF7_20_S1099.sort.bam
6BF7_14,offspring,6BF7_14_S1107,157470,423.18,/home/maccamp/kootenai/data/align/6BF7_14_S1107.sort.bam
6BF7_19,offspring,6BF7_19_S1115,121408,326.384,/home/maccamp/kootenai/data/align/6BF7_19_S1115.sort.bam
6BF7_12,offspring,6BF7_12_S1031,176015,478.215,/home/maccamp/kootenai/data/align/6BF7_12_S1031.sort.bam
E401_4,offspring,E401_4_S1039,127302,340.569,/home/maccamp/kootenai/data/align/E401_4_S1039.sort.bam
E401_15,offspring,E401_15_S1045,131343,349.435,/home/maccamp/kootenai/data/align/E401_15_S1045.sort.bam
E401_5,offspring,E401_5_S1052,142406,379.371,/home/maccamp/kootenai/data/align/E401_5_S1052.sort.bam
E401_16,offspring,E401_16_S1060,144747,383.578,/home/maccamp/kootenai/data/align/E401_16_S1060.sort.bam
E401_21,offspring,E401_21_S1068,142233,376.583,/home/maccamp/kootenai/data/align/E401_21_S1068.sort.bam
D128_24,offspring,D128_24_S1076,196511,526.746,/home/maccamp/kootenai/data/align/D128_24_S1076.sort.bam
D128_04,offspring,D128_04_S1084,193753,521.211,/home/maccamp/kootenai/data/align/D128_04_S1084.sort.bam
D128_05,offspring,D128_05_S1092,156231,415.986,/home/maccamp/kootenai/data/align/D128_05_S1092.sort.bam
D128_21,offspring,D128_21_S1100,132268,352.437,/home/maccamp/kootenai/data/align/D128_21_S1100.sort.bam
D128_02,offspring,D128_02_S1108,158427,425.339,/home/maccamp/kootenai/data/align/D128_02_S1108.sort.bam
8479_12,offspring,8479_12_S1116,126213,394.459,/home/maccamp/kootenai/data/align/8479_12_S1116.sort.bam
8479_04,offspring,8479_04_S1032,100170,265.363,/home/maccamp/kootenai/data/align/8479_04_S1032.sort.bam
8479_18,offspring,8479_18_S1040,106600,284.851,/home/maccamp/kootenai/data/align/8479_18_S1040.sort.bam
8479_08,offspring,8479_08_S1046,129443,344.279,/home/maccamp/kootenai/data/align/8479_08_S1046.sort.bam
8479_21,offspring,8479_21_S1053,121787,320.923,/home/maccamp/kootenai/data/align/8479_21_S1053.sort.bam
0C72_19,offspring,0C72_19_S1061,146917,390.261,/home/maccamp/kootenai/data/align/0C72_19_S1061.sort.bam
0C72_11,offspring,0C72_11_S1069,130296,348.555,/home/maccamp/kootenai/data/align/0C72_11_S1069.sort.bam
0C72_16,offspring,0C72_16_S1077,148277,393.416,/home/maccamp/kootenai/data/align/0C72_16_S1077.sort.bam
0C72_1,offspring,0C72_1_S1085,154443,411.362,/home/maccamp/kootenai/data/align/0C72_1_S1085.sort.bam
0C72_4,offspring,0C72_4_S1093,143215,378.884,/home/maccamp/kootenai/data/align/0C72_4_S1093.sort.bam
1193_14,offspring,1193_14_S1101,147903,394.027,/home/maccamp/kootenai/data/align/1193_14_S1101.sort.bam
1193_18,offspring,1193_18_S1109,186634,502.284,/home/maccamp/kootenai/data/align/1193_18_S1109.sort.bam
1193_21,offspring,1193_21_S1117,178424,487.157,/home/maccamp/kootenai/data/align/1193_21_S1117.sort.bam
1193_05,offspring,1193_05_S1033,181789,486.987,/home/maccamp/kootenai/data/align/1193_05_S1033.sort.bam
1193_08,offspring,1193_08_S1041,148691,402.874,/home/maccamp/kootenai/data/align/1193_08_S1041.sort.bam
523F_04,offspring,523F_04_S1047,157661,423.494,/home/maccamp/kootenai/data/align/523F_04_S1047.sort.bam
523F_20,offspring,523F_20_S1054,148118,396.16,/home/maccamp/kootenai/data/align/523F_20_S1054.sort.bam
523F_02,offspring,523F_02_S1062,125890,333.054,/home/maccamp/kootenai/data/align/523F_02_S1062.sort.bam
523F_23,offspring,523F_23_S1070,170745,456.765,/home/maccamp/kootenai/data/align/523F_23_S1070.sort.bam
523F_03,offspring,523F_03_S1078,180714,482.985,/home/maccamp/kootenai/data/align/523F_03_S1078.sort.bam
DAB2_17,offspring,DAB2_17_S1086,154165,411.87,/home/maccamp/kootenai/data/align/DAB2_17_S1086.sort.bam
DAB2_10,offspring,DAB2_10_S1094,160693,428.084,/home/maccamp/kootenai/data/align/DAB2_10_S1094.sort.bam
DAB2_15,offspring,DAB2_15_S1102,159189,428.008,/home/maccamp/kootenai/data/align/DAB2_15_S1102.sort.bam
DAB2_3,offspring,DAB2_3_S1110,165179,442.992,/home/maccamp/kootenai/data/align/DAB2_3_S1110.sort.bam
DAB2_12,offspring,DAB2_12_S1118,113408,305.076,/home/maccamp/kootenai/data/align/DAB2_12_S1118.sort.bam
3F5C_11,offspring,3F5C_11_S1034,154069,409.367,/home/maccamp/kootenai/data/align/3F5C_11_S1034.sort.bam
3F5C_24,offspring,3F5C_24_S1042,128137,342.809,/home/maccamp/kootenai/data/align/3F5C_24_S1042.sort.bam
3F5C_13,offspring,3F5C_13_S1048,167294,447.088,/home/maccamp/kootenai/data/align/3F5C_13_S1048.sort.bam
3F5C_21,offspring,3F5C_21_S1055,134069,357.332,/home/maccamp/kootenai/data/align/3F5C_21_S1055.sort.bam
3F5C_09,offspring,3F5C_09_S1063,203030,543.836,/home/maccamp/kootenai/data/align/3F5C_09_S1063.sort.bam
54D0_16,offspring,54D0_16_S1071,177750,471.202,/home/maccamp/kootenai/data/align/54D0_16_S1071.sort.bam
54D0_7,offspring,54D0_7_S1079,162166,433.358,/home/maccamp/kootenai/data/align/54D0_7_S1079.sort.bam
54D0_2,offspring,54D0_2_S1087,148302,398.094,/home/maccamp/kootenai/data/align/54D0_2_S1087.sort.bam
54D0_4,offspring,54D0_4_S1095,212200,570.557,/home/maccamp/kootenai/data/align/54D0_4_S1095.sort.bam
54D0_21,offspring,54D0_21_S1103,175611,469.886,/home/maccamp/kootenai/data/align/54D0_21_S1103.sort.bam
6F60_19,offspring,6F60_19_S1111,170588,460.682,/home/maccamp/kootenai/data/align/6F60_19_S1111.sort.bam
6F60_1,offspring,6F60_1_S1119,149062,404.847,/home/maccamp/kootenai/data/align/6F60_1_S1119.sort.bam
6F60_15,offspring,6F60_15_S1035,182783,543.429,/home/maccamp/kootenai/data/align/6F60_15_S1035.sort.bam
6F60_8,offspring,6F60_8_S1043,389846,1099.57,/home/maccamp/kootenai/data/align/6F60_8_S1043.sort.bam
6F60_21,offspring,6F60_21_S1049,132550,411.324,/home/maccamp/kootenai/data/align/6F60_21_S1049.sort.bam
54D0_22,offspring,54D0_22_S1403,234862,626.806,/home/maccamp/kootenai/data/align/54D0_22_S1403.sort.bam
54D0_8,offspring,54D0_8_S1411,189534,500.431,/home/maccamp/kootenai/data/align/54D0_8_S1411.sort.bam
54D0_12,offspring,54D0_12_S1419,226306,602.106,/home/maccamp/kootenai/data/align/54D0_12_S1419.sort.bam
54D0_19,offspring,54D0_19_S1427,222426,587.871,/home/maccamp/kootenai/data/align/54D0_19_S1427.sort.bam
54D0_1,offspring,54D0_1_S1435,225359,599.35,/home/maccamp/kootenai/data/align/54D0_1_S1435.sort.bam
6BF7_15,offspring,6BF7_15_S1443,230350,610.905,/home/maccamp/kootenai/data/align/6BF7_15_S1443.sort.bam
6BF7_3,offspring,6BF7_3_S1451,269399,713.054,/home/maccamp/kootenai/data/align/6BF7_3_S1451.sort.bam
6BF7_6,offspring,6BF7_6_S1459,242557,645.366,/home/maccamp/kootenai/data/align/6BF7_6_S1459.sort.bam
6BF7_18,offspring,6BF7_18_S1467,220341,586.381,/home/maccamp/kootenai/data/align/6BF7_18_S1467.sort.bam
6BF7_13,offspring,6BF7_13_S1475,187009,504.2,/home/maccamp/kootenai/data/align/6BF7_13_S1475.sort.bam
D128_6,offspring,D128_6_S1483,198077,528.498,/home/maccamp/kootenai/data/align/D128_6_S1483.sort.bam
D128_16,offspring,D128_16_S1491,328999,876.393,/home/maccamp/kootenai/data/align/D128_16_S1491.sort.bam
D128_9,offspring,D128_9_S1404,188609,500.344,/home/maccamp/kootenai/data/align/D128_9_S1404.sort.bam
D128_1,offspring,D128_1_S1412,189026,501.658,/home/maccamp/kootenai/data/align/D128_1_S1412.sort.bam
DS128_8,offspring,DS128_8_S1420,185897,494.244,/home/maccamp/kootenai/data/align/DS128_8_S1420.sort.bam
523F_16,offspring,523F_16_S1428,180366,475.468,/home/maccamp/kootenai/data/align/523F_16_S1428.sort.bam
523F_15,offspring,523F_15_S1436,211957,553.614,/home/maccamp/kootenai/data/align/523F_15_S1436.sort.bam
523F_5,offspring,523F_5_S1444,168358,444.442,/home/maccamp/kootenai/data/align/523F_5_S1444.sort.bam
523F_14,offspring,523F_14_S1452,206070,537.469,/home/maccamp/kootenai/data/align/523F_14_S1452.sort.bam
523F_6,offspring,523F_6_S1460,176821,466.713,/home/maccamp/kootenai/data/align/523F_6_S1460.sort.bam
35FC_23,offspring,35FC_23_S1468,178810,473.881,/home/maccamp/kootenai/data/align/35FC_23_S1468.sort.bam
35FC_16,offspring,35FC_16_S1476,164801,436.156,/home/maccamp/kootenai/data/align/35FC_16_S1476.sort.bam
35FC_4,offspring,35FC_4_S1484,160194,424.662,/home/maccamp/kootenai/data/align/35FC_4_S1484.sort.bam
35FC_14,offspring,35FC_14_S1492,163126,434.274,/home/maccamp/kootenai/data/align/35FC_14_S1492.sort.bam
35FC_10,offspring,35FC_10_S1405,182269,481.657,/home/maccamp/kootenai/data/align/35FC_10_S1405.sort.bam
DAB2_14,offspring,DAB2_14_S1413,186549,495.841,/home/maccamp/kootenai/data/align/DAB2_14_S1413.sort.bam
DAB2_1,offspring,DAB2_1_S1421,182136,480.539,/home/maccamp/kootenai/data/align/DAB2_1_S1421.sort.bam
DAB2_2,offspring,DAB2_2_S1429,186137,490.968,/home/maccamp/kootenai/data/align/DAB2_2_S1429.sort.bam
DAB2_21,offspring,DAB2_21_S1437,205104,540.459,/home/maccamp/kootenai/data/align/DAB2_21_S1437.sort.bam
DAB2_13,offspring,DAB2_13_S1445,190473,502.1,/home/maccamp/kootenai/data/align/DAB2_13_S1445.sort.bam
0C72_6,offspring,0C72_6_S1453,215013,569.093,/home/maccamp/kootenai/data/align/0C72_6_S1453.sort.bam
0C72_18,offspring,0C72_18_S1461,196029,519.11,/home/maccamp/kootenai/data/align/0C72_18_S1461.sort.bam
0C72_2,offspring,0C72_2_S1469,173972,463.319,/home/maccamp/kootenai/data/align/0C72_2_S1469.sort.bam
0C72_12,offspring,0C72_12_S1477,198268,519.755,/home/maccamp/kootenai/data/align/0C72_12_S1477.sort.bam
0C72_17,offspring,0C72_17_S1485,447457,1181.44,/home/maccamp/kootenai/data/align/0C72_17_S1485.sort.bam
8749_2,offspring,8749_2_S1493,77955,207.429,/home/maccamp/kootenai/data/align/8749_2_S1493.sort.bam
8749_23,offspring,8749_23_S1406,146080,386.92,/home/maccamp/kootenai/data/align/8749_23_S1406.sort.bam
8749_14,offspring,8749_14_S1414,173723,460.314,/home/maccamp/kootenai/data/align/8749_14_S1414.sort.bam
8749_24,offspring,8749_24_S1422,173966,459.873,/home/maccamp/kootenai/data/align/8749_24_S1422.sort.bam
8749_7,offspring,8749_7_S1430,173331,458.911,/home/maccamp/kootenai/data/align/8749_7_S1430.sort.bam
6CD2_14,offspring,6CD2_14_S1438,157217,418.839,/home/maccamp/kootenai/data/align/6CD2_14_S1438.sort.bam
6CD2_7,offspring,6CD2_7_S1446,135508,360.943,/home/maccamp/kootenai/data/align/6CD2_7_S1446.sort.bam
6CD4212,offspring,6CD4212_S1454,157982,416.582,/home/maccamp/kootenai/data/align/6CD4212_S1454.sort.bam
6CD2_24,offspring,6CD2_24_S1462,156043,414.228,/home/maccamp/kootenai/data/align/6CD2_24_S1462.sort.bam
6CD2_8,offspring,6CD2_8_S1470,148774,393.733,/home/maccamp/kootenai/data/align/6CD2_8_S1470.sort.bam
E401_7,offspring,E401_7_S1478,158704,422.231,/home/maccamp/kootenai/data/align/E401_7_S1478.sort.bam
E401_10,offspring,E401_10_S1486,192407,505.777,/home/maccamp/kootenai/data/align/E401_10_S1486.sort.bam
E401_22,offspring,E401_22_S1494,153657,403.517,/home/maccamp/kootenai/data/align/E401_22_S1494.sort.bam
E401_13,offspring,E401_13_S1407,157814,422.787,/home/maccamp/kootenai/data/align/E401_13_S1407.sort.bam
E401_20,offspring,E401_20_S1415,183348,481.909,/home/maccamp/kootenai/data/align/E401_20_S1415.sort.bam
6F60_6,offspring,6F60_6_S1423,199742,524.604,/home/maccamp/kootenai/data/align/6F60_6_S1423.sort.bam
6F60_22,offspring,6F60_22_S1431,185204,489.976,/home/maccamp/kootenai/data/align/6F60_22_S1431.sort.bam
6F60_11,offspring,6F60_11_S1439,178634,471.695,/home/maccamp/kootenai/data/align/6F60_11_S1439.sort.bam
6F60_9,offspring,6F60_9_S1447,183214,484.142,/home/maccamp/kootenai/data/align/6F60_9_S1447.sort.bam
6F60_20,offspring,6F60_20_S1455,147311,396.924,/home/maccamp/kootenai/data/align/6F60_20_S1455.sort.bam
1193_9,offspring,1193_9_S1463,177009,468.578,/home/maccamp/kootenai/data/align/1193_9_S1463.sort.bam
1193_12,offspring,1193_12_S1471,368037,966.473,/home/maccamp/kootenai/data/align/1193_12_S1471.sort.bam
1193_16,offspring,1193_16_S1479,189309,504.476,/home/maccamp/kootenai/data/align/1193_16_S1479.sort.bam
1193_04,offspring,1193_04_S1487,186229,495.703,/home/maccamp/kootenai/data/align/1193_04_S1487.sort.bam
1193_13,offspring,1193_13_S1495,175956,461.478,/home/maccamp/kootenai/data/align/1193_13_S1495.sort.bam
6870_1,offspring,6870_1_S1201,301491,816.62,/home/maccamp/kootenai/data/align/6870_1_S1201.sort.bam
6870_2,offspring,6870_2_S1208,314362,848.237,/home/maccamp/kootenai/data/align/6870_2_S1208.sort.bam
6870_3,offspring,6870_3_S1125,419640,1134.03,/home/maccamp/kootenai/data/align/6870_3_S1125.sort.bam
6870_4,offspring,6870_4_S1133,225766,606.308,/home/maccamp/kootenai/data/align/6870_4_S1133.sort.bam
6870_5,offspring,6870_5_S1141,282893,766.127,/home/maccamp/kootenai/data/align/6870_5_S1141.sort.bam
5A41_1,offspring,5A41_1_S1149,289046,782.509,/home/maccamp/kootenai/data/align/5A41_1_S1149.sort.bam
5A41_2,offspring,5A41_2_S1157,297043,802.209,/home/maccamp/kootenai/data/align/5A41_2_S1157.sort.bam
5A41_3,offspring,5A41_3_S1165,361202,984.225,/home/maccamp/kootenai/data/align/5A41_3_S1165.sort.bam
5A41_6,offspring,5A41_6_S1173,238959,646.527,/home/maccamp/kootenai/data/align/5A41_6_S1173.sort.bam
5A41_5,offspring,5A41_5_S1180,218955,592.503,/home/maccamp/kootenai/data/align/5A41_5_S1180.sort.bam
6870_2_1,offspring,6870_2_1_S1187,330865,895.154,/home/maccamp/kootenai/data/align/6870_2_1_S1187.sort.bam
6870_2_3,offspring,6870_2_3_S1194,576049,1558.79,/home/maccamp/kootenai/data/align/6870_2_3_S1194.sort.bam
6870_2_3,offspring,6870_2_3_S1194,576049,1558.79,/home/maccamp/kootenai/data/align/6870_2_3_S1194.sort.bam
6870_2_4,offspring,6870_2_4_S1209,236329,639.235,/home/maccamp/kootenai/data/align/6870_2_4_S1209.sort.bam
6870_2_5,offspring,6870_2_5_S1126,451841,1219,/home/maccamp/kootenai/data/align/6870_2_5_S1126.sort.bam
156A_2_1,offspring,156A_2_1_S1134,361005,977.12,/home/maccamp/kootenai/data/align/156A_2_1_S1134.sort.bam
156A_2_2,offspring,156A_2_2_S1142,312095,841.367,/home/maccamp/kootenai/data/align/156A_2_2_S1142.sort.bam
156A_2_3,offspring,156A_2_3_S1150,315889,854.392,/home/maccamp/kootenai/data/align/156A_2_3_S1150.sort.bam
156A_2_4,offspring,156A_2_4_S1158,265430,716.56,/home/maccamp/kootenai/data/align/156A_2_4_S1158.sort.bam
156A_2_5,offspring,156A_2_5_S1166,264270,715.034,/home/maccamp/kootenai/data/align/156A_2_5_S1166.sort.bam
156A_1,offspring,156A_1_S1174,485552,1322.46,/home/maccamp/kootenai/data/align/156A_1_S1174.sort.bam
156A_2,offspring,156A_2_S1181,293715,799.946,/home/maccamp/kootenai/data/align/156A_2_S1181.sort.bam
156A_3,offspring,156A_3_S1188,266298,719.79,/home/maccamp/kootenai/data/align/156A_3_S1188.sort.bam
156A_4,offspring,156A_4_S1195,264546,714.816,/home/maccamp/kootenai/data/align/156A_4_S1195.sort.bam
156A_5,offspring,156A_5_S1202,392844,1069.38,/home/maccamp/kootenai/data/align/156A_5_S1202.sort.bam
4C2E_1,offspring,4C2E_1_S1159,392956,1062.54,/home/maccamp/kootenai/data/align/4C2E_1_S1159.sort.bam
4C2E_2,offspring,4C2E_2_S1167,336898,910.35,/home/maccamp/kootenai/data/align/4C2E_2_S1167.sort.bam
4C2E_3,offspring,4C2E_3_S1175,530431,1429.28,/home/maccamp/kootenai/data/align/4C2E_3_S1175.sort.bam
4C2E_4,offspring,4C2E_4_S1182,569063,1537.01,/home/maccamp/kootenai/data/align/4C2E_4_S1182.sort.bam
4C2E_5,offspring,4C2E_5_S1189,643966,1730.31,/home/maccamp/kootenai/data/align/4C2E_5_S1189.sort.bam
4C2E_2_1,offspring,4C2E_2_1_S1196,760275,2046.71,/home/maccamp/kootenai/data/align/4C2E_2_1_S1196.sort.bam
4C2E_2_2,offspring,4C2E_2_2_S1203,1290841,3464.97,/home/maccamp/kootenai/data/align/4C2E_2_2_S1203.sort.bam
4C2E_2_4,offspring,4C2E_2_4_S1212,456474,1201.84,/home/maccamp/kootenai/data/align/4C2E_2_4_S1212.sort.bam
4C2E_2_4_5,offspring,4C2E_2_4_5_S1220,375217,1001.24,/home/maccamp/kootenai/data/align/4C2E_2_4_5_S1220.sort.bam
2434_1,offspring,2434_1_S1228,377984,1010.65,/home/maccamp/kootenai/data/align/2434_1_S1228.sort.bam
2434_2,offspring,2434_2_S1236,440355,1178.11,/home/maccamp/kootenai/data/align/2434_2_S1236.sort.bam
2434_3,offspring,2434_3_S1244,366273,982.079,/home/maccamp/kootenai/data/align/2434_3_S1244.sort.bam
2434_4,offspring,2434_4_S1252,658406,1781.32,/home/maccamp/kootenai/data/align/2434_4_S1252.sort.bam
2434_5,offspring,2434_5_S1260,261165,692.874,/home/maccamp/kootenai/data/align/2434_5_S1260.sort.bam
B4DA_1,offspring,B4DA_1_S1268,381729,1005.41,/home/maccamp/kootenai/data/align/B4DA_1_S1268.sort.bam
B4DA_2,offspring,B4DA_2_S1276,579276,1563.59,/home/maccamp/kootenai/data/align/B4DA_2_S1276.sort.bam
B4DA_3,offspring,B4DA_3_S1284,637355,1721.57,/home/maccamp/kootenai/data/align/B4DA_3_S1284.sort.bam
B4DA_4,offspring,B4DA_4_S1292,350730,943.975,/home/maccamp/kootenai/data/align/B4DA_4_S1292.sort.bam
B4DA_5,offspring,B4DA_5_S1300,397772,1053.34,/home/maccamp/kootenai/data/align/B4DA_5_S1300.sort.bam
6870_6,offspring,6870_6_S1408,209620,559.443,/home/maccamp/kootenai/data/align/6870_6_S1408.sort.bam
6870_7,offspring,6870_7_S1416,192598,513.048,/home/maccamp/kootenai/data/align/6870_7_S1416.sort.bam
6870_8,offspring,6870_8_S1424,222896,589.533,/home/maccamp/kootenai/data/align/6870_8_S1424.sort.bam
6870_9,offspring,6870_9_S1432,605951,1607.22,/home/maccamp/kootenai/data/align/6870_9_S1432.sort.bam
6870_10,offspring,6870_10_S1440,247514,661.02,/home/maccamp/kootenai/data/align/6870_10_S1440.sort.bam
5A41_7,offspring,5A41_7_S1448,203941,542.492,/home/maccamp/kootenai/data/align/5A41_7_S1448.sort.bam
5A41_8,offspring,5A41_8_S1456,217828,578.342,/home/maccamp/kootenai/data/align/5A41_8_S1456.sort.bam
5A41_9,offspring,5A41_9_S1464,288616,770.796,/home/maccamp/kootenai/data/align/5A41_9_S1464.sort.bam
5A41_10,offspring,5A41_10_S1472,278288,729.482,/home/maccamp/kootenai/data/align/5A41_10_S1472.sort.bam
5A41_11,offspring,5A41_11_S1480,153532,423.419,/home/maccamp/kootenai/data/align/5A41_11_S1480.sort.bam
6870_2_6,offspring,6870_2_6_S1488,186262,501.575,/home/maccamp/kootenai/data/align/6870_2_6_S1488.sort.bam
6870_2_7,offspring,6870_2_7_S1496,281029,751.147,/home/maccamp/kootenai/data/align/6870_2_7_S1496.sort.bam
6870_2_8,offspring,6870_2_8_S1409,218923,579.334,/home/maccamp/kootenai/data/align/6870_2_8_S1409.sort.bam
6870_2_9,offspring,6870_2_9_S1417,223881,601.715,/home/maccamp/kootenai/data/align/6870_2_9_S1417.sort.bam
6870_2_10,offspring,6870_2_10_S1425,216231,574.043,/home/maccamp/kootenai/data/align/6870_2_10_S1425.sort.bam
156A_2_6,offspring,156A_2_6_S1433,253880,679.124,/home/maccamp/kootenai/data/align/156A_2_6_S1433.sort.bam
156A_2_7,offspring,156A_2_7_S1441,256941,685.266,/home/maccamp/kootenai/data/align/156A_2_7_S1441.sort.bam
156A_2_8,offspring,156A_2_8_S1449,216771,577.157,/home/maccamp/kootenai/data/align/156A_2_8_S1449.sort.bam
156A_2_9,offspring,156A_2_9_S1457,217778,579.855,/home/maccamp/kootenai/data/align/156A_2_9_S1457.sort.bam
156A_2_10,offspring,156A_2_10_S1465,235622,628.867,/home/maccamp/kootenai/data/align/156A_2_10_S1465.sort.bam
156A_6,offspring,156A_6_S1473,212227,567.091,/home/maccamp/kootenai/data/align/156A_6_S1473.sort.bam
156A_7,offspring,156A_7_S1481,334229,891.392,/home/maccamp/kootenai/data/align/156A_7_S1481.sort.bam
156A_8,offspring,156A_8_S1489,197720,540.625,/home/maccamp/kootenai/data/align/156A_8_S1489.sort.bam
156A_9,offspring,156A_9_S1497,221816,595.471,/home/maccamp/kootenai/data/align/156A_9_S1497.sort.bam
156A_10,offspring,156A_10_S1410,301518,805.648,/home/maccamp/kootenai/data/align/156A_10_S1410.sort.bam
24343_2_6,offspring,24343_2_6_S1418,243816,652.827,/home/maccamp/kootenai/data/align/24343_2_6_S1418.sort.bam
24343_2_7,offspring,24343_2_7_S1426,255442,684.319,/home/maccamp/kootenai/data/align/24343_2_7_S1426.sort.bam
24343_2_8,offspring,24343_2_8_S1434,327937,875.665,/home/maccamp/kootenai/data/align/24343_2_8_S1434.sort.bam
24343_2_9,offspring,24343_2_9_S1442,292162,781.07,/home/maccamp/kootenai/data/align/24343_2_9_S1442.sort.bam
24343_2_10,offspring,24343_2_10_S1450,240592,632.734,/home/maccamp/kootenai/data/align/24343_2_10_S1450.sort.bam
4C2E_6,offspring,4C2E_6_S1458,239546,638.39,/home/maccamp/kootenai/data/align/4C2E_6_S1458.sort.bam
4C2E_7,offspring,4C2E_7_S1466,319088,855.712,/home/maccamp/kootenai/data/align/4C2E_7_S1466.sort.bam
4C2E_8,offspring,4C2E_8_S1474,239373,638.112,/home/maccamp/kootenai/data/align/4C2E_8_S1474.sort.bam
4C2E_9,offspring,4C2E_9_S1482,253793,668.783,/home/maccamp/kootenai/data/align/4C2E_9_S1482.sort.bam
4C2E_10,offspring,4C2E_10_S1490,202509,536.548,/home/maccamp/kootenai/data/align/4C2E_10_S1490.sort.bam
4C2E_2_7,offspring,4C2E_2_7_S1499,494822,1332.73,/home/maccamp/kootenai/data/align/4C2E_2_7_S1499.sort.bam
4C2E_2_8,offspring,4C2E_2_8_S1506,543672,1475.19,/home/maccamp/kootenai/data/align/4C2E_2_8_S1506.sort.bam
4C2E_2_9,offspring,4C2E_2_9_S1513,384281,1036.84,/home/maccamp/kootenai/data/align/4C2E_2_9_S1513.sort.bam
4C2E_2_10,offspring,4C2E_2_10_S1520,234409,633.835,/home/maccamp/kootenai/data/align/4C2E_2_10_S1520.sort.bam
2434_6,offspring,2434_6_S1526,359866,972.975,/home/maccamp/kootenai/data/align/2434_6_S1526.sort.bam
2434_7,offspring,2434_7_S1533,724074,1966.95,/home/maccamp/kootenai/data/align/2434_7_S1533.sort.bam
2434_8,offspring,2434_8_S1540,554612,1490.41,/home/maccamp/kootenai/data/align/2434_8_S1540.sort.bam
2434_9,offspring,2434_9_S1547,589553,1595.95,/home/maccamp/kootenai/data/align/2434_9_S1547.sort.bam
2434_10,offspring,2434_10_S1553,499196,1356.57,/home/maccamp/kootenai/data/align/2434_10_S1553.sort.bam
B4DA_6,offspring,B4DA_6_S1559,617456,1672.88,/home/maccamp/kootenai/data/align/B4DA_6_S1559.sort.bam
B4DA_7,offspring,B4DA_7_S1566,1091318,2957.07,/home/maccamp/kootenai/data/align/B4DA_7_S1566.sort.bam
B4DA_8,offspring,B4DA_8_S1573,582353,1552.47,/home/maccamp/kootenai/data/align/B4DA_8_S1573.sort.bam
B4DA_9,offspring,B4DA_9_S1500,315352,856.841,/home/maccamp/kootenai/data/align/B4DA_9_S1500.sort.bam
B4DA_10,offspring,B4DA_10_S1507,360481,986.426,/home/maccamp/kootenai/data/align/B4DA_10_S1507.sort.bam
4C2E_2_6,offspring,4C2E_2_6_S1599,303923,829.993,/home/maccamp/kootenai/data/align/4C2E_2_6_S1599.sort.bam
4C2E_2_3,offspring,4C2E_2_3_S1649,239054,643.912,/home/maccamp/kootenai/data/align/4C2E_2_3_S1649.sort.bam
F04B_1,offspring,F04B_1_S1056,142184,438.071,/home/maccamp/kootenai/data/align/F04B_1_S1056.sort.bam
F04B_2,offspring,F04B_2_S1064,232852,705.329,/home/maccamp/kootenai/data/align/F04B_2_S1064.sort.bam
F04B_3,offspring,F04B_3_S1072,291210,833.183,/home/maccamp/kootenai/data/align/F04B_3_S1072.sort.bam
F04B_4,offspring,F04B_4_S1080,220394,673.237,/home/maccamp/kootenai/data/align/F04B_4_S1080.sort.bam
F04B_5,offspring,F04B_5_S1088,143598,459.876,/home/maccamp/kootenai/data/align/F04B_5_S1088.sort.bam
F04B_2_1,offspring,F04B_2_1_S1096,161437,524.65,/home/maccamp/kootenai/data/align/F04B_2_1_S1096.sort.bam
F04B_2_2,offspring,F04B_2_2_S1104,296360,863.284,/home/maccamp/kootenai/data/align/F04B_2_2_S1104.sort.bam
F04B_2_3,offspring,F04B_2_3_S1112,335200,991.921,/home/maccamp/kootenai/data/align/F04B_2_3_S1112.sort.bam
F04B_2_5,offspring,F04B_2_5_S1121,135100,356.135,/home/maccamp/kootenai/data/align/F04B_2_5_S1121.sort.bam
C523_1,offspring,C523_1_S1128,151780,402.246,/home/maccamp/kootenai/data/align/C523_1_S1128.sort.bam
C523_2,offspring,C523_2_S1136,190161,505.989,/home/maccamp/kootenai/data/align/C523_2_S1136.sort.bam
C523_3,offspring,C523_3_S1144,243501,650.384,/home/maccamp/kootenai/data/align/C523_3_S1144.sort.bam
C523_4,offspring,C523_4_S1152,238602,639.459,/home/maccamp/kootenai/data/align/C523_4_S1152.sort.bam
C523_5,offspring,C523_5_S1160,312344,842.056,/home/maccamp/kootenai/data/align/C523_5_S1160.sort.bam
C523_2_1,offspring,C523_2_1_S1168,71319,185.974,/home/maccamp/kootenai/data/align/C523_2_1_S1168.sort.bam
C523_2_2,offspring,C523_2_2_S1176,124460,330.13,/home/maccamp/kootenai/data/align/C523_2_2_S1176.sort.bam
C523_2_3,offspring,C523_2_3_S1183,110254,288.053,/home/maccamp/kootenai/data/align/C523_2_3_S1183.sort.bam
C523_2_4,offspring,C523_2_4_S1190,92522,237.062,/home/maccamp/kootenai/data/align/C523_2_4_S1190.sort.bam
C523_2_5,offspring,C523_2_5_S1197,136426,356.426,/home/maccamp/kootenai/data/align/C523_2_5_S1197.sort.bam
5021_1,offspring,5021_1_S1204,132400,350.521,/home/maccamp/kootenai/data/align/5021_1_S1204.sort.bam
5021_2,offspring,5021_2_S1122,196450,519.95,/home/maccamp/kootenai/data/align/5021_2_S1122.sort.bam
5021_3,offspring,5021_3_S1129,179466,482.872,/home/maccamp/kootenai/data/align/5021_3_S1129.sort.bam
5021_4,offspring,5021_4_S1137,126435,334.788,/home/maccamp/kootenai/data/align/5021_4_S1137.sort.bam
5021_5,offspring,5021_5_S1145,128624,341.201,/home/maccamp/kootenai/data/align/5021_5_S1145.sort.bam
5021_2_1,offspring,5021_2_1_S1153,114244,301.743,/home/maccamp/kootenai/data/align/5021_2_1_S1153.sort.bam
5021_2_2,offspring,5021_2_2_S1161,69957,182.625,/home/maccamp/kootenai/data/align/5021_2_2_S1161.sort.bam
5021_2_4,offspring,5021_2_4_S1177,447244,1217.72,/home/maccamp/kootenai/data/align/5021_2_4_S1177.sort.bam
5021_2_5,offspring,5021_2_5_S1184,109724,290.632,/home/maccamp/kootenai/data/align/5021_2_5_S1184.sort.bam
2800_1,offspring,2800_1_S1191,140045,373.343,/home/maccamp/kootenai/data/align/2800_1_S1191.sort.bam
2800_2,offspring,2800_2_S1198,109951,290.941,/home/maccamp/kootenai/data/align/2800_2_S1198.sort.bam
2800_3,offspring,2800_3_S1205,90348,236.621,/home/maccamp/kootenai/data/align/2800_3_S1205.sort.bam
2800_4,offspring,2800_4_S1123,93446,244.948,/home/maccamp/kootenai/data/align/2800_4_S1123.sort.bam
2800_5,offspring,2800_5_S1130,107495,284.541,/home/maccamp/kootenai/data/align/2800_5_S1130.sort.bam
2800_2_1,offspring,2800_2_1_S1138,99743,263.97,/home/maccamp/kootenai/data/align/2800_2_1_S1138.sort.bam
2800_2_2,offspring,2800_2_2_S1146,104541,275.413,/home/maccamp/kootenai/data/align/2800_2_2_S1146.sort.bam
2800_2_3,offspring,2800_2_3_S1154,141006,375.806,/home/maccamp/kootenai/data/align/2800_2_3_S1154.sort.bam
2800_2_4,offspring,2800_2_4_S1162,87424,228.609,/home/maccamp/kootenai/data/align/2800_2_4_S1162.sort.bam
2800_2_5,offspring,2800_2_5_S1170,72626,190.714,/home/maccamp/kootenai/data/align/2800_2_5_S1170.sort.bam
2C27_1,offspring,2C27_1_S1178,110586,294.545,/home/maccamp/kootenai/data/align/2C27_1_S1178.sort.bam
2C27_2,offspring,2C27_2_S1185,104040,275.478,/home/maccamp/kootenai/data/align/2C27_2_S1185.sort.bam
2C27_3,offspring,2C27_3_S1192,84352,221.744,/home/maccamp/kootenai/data/align/2C27_3_S1192.sort.bam
2C27_4,offspring,2C27_4_S1199,76263,199.897,/home/maccamp/kootenai/data/align/2C27_4_S1199.sort.bam
2C27_5,offspring,2C27_5_S1206,854530,2308,/home/maccamp/kootenai/data/align/2C27_5_S1206.sort.bam
13DB_1,offspring,13DB_1_S1124,292061,781.963,/home/maccamp/kootenai/data/align/13DB_1_S1124.sort.bam
13DB_2,offspring,13DB_2_S1131,149696,399.674,/home/maccamp/kootenai/data/align/13DB_2_S1131.sort.bam
13DB_3,offspring,13DB_3_S1139,143481,382.842,/home/maccamp/kootenai/data/align/13DB_3_S1139.sort.bam
13DB_4,offspring,13DB_4_S1147,158801,425.793,/home/maccamp/kootenai/data/align/13DB_4_S1147.sort.bam
13DB_5,offspring,13DB_5_S1155,155610,416.012,/home/maccamp/kootenai/data/align/13DB_5_S1155.sort.bam
768_1_1,offspring,768_1_1_S1,167150,434.607,/home/maccamp/kootenai/data/align/768_1_1_S1.sort.bam
768_1_9,offspring,768_1_9_S9,205779,542.719,/home/maccamp/kootenai/data/align/768_1_9_S9.sort.bam
768_1_17,offspring,768_1_17_S17,232664,614.67,/home/maccamp/kootenai/data/align/768_1_17_S17.sort.bam
768_2_3,offspring,768_2_3_S25,77955,207.477,/home/maccamp/kootenai/data/align/768_2_3_S25.sort.bam
768_2_11,offspring,768_2_11_S33,268697,706.94,/home/maccamp/kootenai/data/align/768_2_11_S33.sort.bam
331C_7,offspring,331C_7_S49,168250,450.293,/home/maccamp/kootenai/data/align/331C_7_S49.sort.bam
331C_15,offspring,331C_15_S57,248788,653.144,/home/maccamp/kootenai/data/align/331C_15_S57.sort.bam
89E_2_3,offspring,89E_2_3_S65,187082,490.629,/home/maccamp/kootenai/data/align/89E_2_3_S65.sort.bam
89E_2_11,offspring,89E_2_11_S73,222736,586.435,/home/maccamp/kootenai/data/align/89E_2_11_S73.sort.bam
3A21_4,offspring,3A21_4_S81,160414,425.049,/home/maccamp/kootenai/data/align/3A21_4_S81.sort.bam
3A21_12,offspring,3A21_12_S89,261234,686.016,/home/maccamp/kootenai/data/align/3A21_12_S89.sort.bam
7874_5,offspring,7874_5_S97,106749,277.302,/home/maccamp/kootenai/data/align/7874_5_S97.sort.bam
7874_13,offspring,7874_13_S105,637856,1661.94,/home/maccamp/kootenai/data/align/7874_13_S105.sort.bam
DD87_9,offspring,DD87_9_S121,127940,330.819,/home/maccamp/kootenai/data/align/DD87_9_S121.sort.bam
8C31_2,offspring,8C31_2_S129,217095,572.842,/home/maccamp/kootenai/data/align/8C31_2_S129.sort.bam
8C31_10,offspring,8C31_10_S137,104085,272.428,/home/maccamp/kootenai/data/align/8C31_10_S137.sort.bam
04C1_3,offspring,04C1_3_S145,124314,326.091,/home/maccamp/kootenai/data/align/04C1_3_S145.sort.bam
04C1_11,offspring,04C1_11_S153,110110,287.458,/home/maccamp/kootenai/data/align/04C1_11_S153.sort.bam
5D58_4,offspring,5D58_4_S161,149354,391.738,/home/maccamp/kootenai/data/align/5D58_4_S161.sort.bam
5D58_12,offspring,5D58_12_S169,107294,281.13,/home/maccamp/kootenai/data/align/5D58_12_S169.sort.bam
768_1_2,offspring,768_1_2_S2,200445,521.171,/home/maccamp/kootenai/data/align/768_1_2_S2.sort.bam
768_1_10,offspring,768_1_10_S10,176916,466.997,/home/maccamp/kootenai/data/align/768_1_10_S10.sort.bam
768_1_18,offspring,768_1_18_S18,192872,506.595,/home/maccamp/kootenai/data/align/768_1_18_S18.sort.bam
768_2_4,offspring,768_2_4_S26,166536,439.597,/home/maccamp/kootenai/data/align/768_2_4_S26.sort.bam
768_2_12,offspring,768_2_12_S34,178128,471.268,/home/maccamp/kootenai/data/align/768_2_12_S34.sort.bam
331C_8,offspring,331C_8_S50,157895,417.763,/home/maccamp/kootenai/data/align/331C_8_S50.sort.bam
331C_16,offspring,331C_16_S58,138598,366.409,/home/maccamp/kootenai/data/align/331C_16_S58.sort.bam
89E_2_4,offspring,89E_2_4_S66,212008,561.47,/home/maccamp/kootenai/data/align/89E_2_4_S66.sort.bam
89E_2_12,offspring,89E_2_12_S74,192777,509.905,/home/maccamp/kootenai/data/align/89E_2_12_S74.sort.bam
3A21_5,offspring,3A21_5_S82,174529,466.38,/home/maccamp/kootenai/data/align/3A21_5_S82.sort.bam
3A21_13,offspring,3A21_13_S90,175807,465.186,/home/maccamp/kootenai/data/align/3A21_13_S90.sort.bam
7874_6,offspring,7874_6_S98,90872,233.385,/home/maccamp/kootenai/data/align/7874_6_S98.sort.bam
7874_14,offspring,7874_14_S106,93606,245.788,/home/maccamp/kootenai/data/align/7874_14_S106.sort.bam
DD87_2,offspring,DD87_2_S114,79932,209.941,/home/maccamp/kootenai/data/align/DD87_2_S114.sort.bam
DD87_10,offspring,DD87_10_S122,100966,265.137,/home/maccamp/kootenai/data/align/DD87_10_S122.sort.bam
8C31_3,offspring,8C31_3_S130,113145,295.775,/home/maccamp/kootenai/data/align/8C31_3_S130.sort.bam
8C31_11,offspring,8C31_11_S138,107035,278.953,/home/maccamp/kootenai/data/align/8C31_11_S138.sort.bam
04C1_4,offspring,04C1_4_S146,111661,291.425,/home/maccamp/kootenai/data/align/04C1_4_S146.sort.bam
04C1_12,offspring,04C1_12_S154,89618,235.503,/home/maccamp/kootenai/data/align/04C1_12_S154.sort.bam
5D58_5,offspring,5D58_5_S162,104737,274.71,/home/maccamp/kootenai/data/align/5D58_5_S162.sort.bam
5D58_13,offspring,5D58_13_S170,105721,280.174,/home/maccamp/kootenai/data/align/5D58_13_S170.sort.bam
768_1_3,offspring,768_1_3_S3,201614,525.966,/home/maccamp/kootenai/data/align/768_1_3_S3.sort.bam
768_1_11,offspring,768_1_11_S11,150218,408.105,/home/maccamp/kootenai/data/align/768_1_11_S11.sort.bam
768_1_19,offspring,768_1_19_S19,176556,470.269,/home/maccamp/kootenai/data/align/768_1_19_S19.sort.bam
768_2_5,offspring,768_2_5_S27,161070,430.056,/home/maccamp/kootenai/data/align/768_2_5_S27.sort.bam
768_2_13,offspring,768_2_13_S35,181280,513.197,/home/maccamp/kootenai/data/align/768_2_13_S35.sort.bam
331C_9,offspring,331C_9_S51,190512,504.214,/home/maccamp/kootenai/data/align/331C_9_S51.sort.bam
331C_17,offspring,331C_17_S59,152314,405.248,/home/maccamp/kootenai/data/align/331C_17_S59.sort.bam
89E_2_5,offspring,89E_2_5_S67,197436,526.254,/home/maccamp/kootenai/data/align/89E_2_5_S67.sort.bam
89E_2_13,offspring,89E_2_13_S75,181731,479.959,/home/maccamp/kootenai/data/align/89E_2_13_S75.sort.bam
3A21_6,offspring,3A21_6_S83,172654,460.045,/home/maccamp/kootenai/data/align/3A21_6_S83.sort.bam
3A21_14,offspring,3A21_14_S91,185564,490.395,/home/maccamp/kootenai/data/align/3A21_14_S91.sort.bam
7874_7,offspring,7874_7_S99,274951,705.53,/home/maccamp/kootenai/data/align/7874_7_S99.sort.bam
7874_15,offspring,7874_15_S107,80065,211.842,/home/maccamp/kootenai/data/align/7874_15_S107.sort.bam
DD87_3,offspring,DD87_3_S115,94103,246.315,/home/maccamp/kootenai/data/align/DD87_3_S115.sort.bam
DD87_11,offspring,DD87_11_S123,84624,220.846,/home/maccamp/kootenai/data/align/DD87_11_S123.sort.bam
8C31_4,offspring,8C31_4_S131,136171,355.909,/home/maccamp/kootenai/data/align/8C31_4_S131.sort.bam
8C31_12,offspring,8C31_12_S139,104734,272.015,/home/maccamp/kootenai/data/align/8C31_12_S139.sort.bam
04C1_5,offspring,04C1_5_S147,113859,296.542,/home/maccamp/kootenai/data/align/04C1_5_S147.sort.bam
04C1_13,offspring,04C1_13_S155,118601,309.786,/home/maccamp/kootenai/data/align/04C1_13_S155.sort.bam
5D58_6,offspring,5D58_6_S163,104503,272.75,/home/maccamp/kootenai/data/align/5D58_6_S163.sort.bam
5D58_14,offspring,5D58_14_S171,100971,266.808,/home/maccamp/kootenai/data/align/5D58_14_S171.sort.bam
768_1_4,offspring,768_1_4_S4,184072,480.355,/home/maccamp/kootenai/data/align/768_1_4_S4.sort.bam
768_1_12,offspring,768_1_12_S12,173006,463.827,/home/maccamp/kootenai/data/align/768_1_12_S12.sort.bam
768_1_20,offspring,768_1_20_S20,191241,503.606,/home/maccamp/kootenai/data/align/768_1_20_S20.sort.bam
768_2_6,offspring,768_2_6_S28,179553,475.762,/home/maccamp/kootenai/data/align/768_2_6_S28.sort.bam
768_2_14,offspring,768_2_14_S36,209061,554.88,/home/maccamp/kootenai/data/align/768_2_14_S36.sort.bam
331C_10,offspring,331C_10_S52,186919,497.791,/home/maccamp/kootenai/data/align/331C_10_S52.sort.bam
331C_18,offspring,331C_18_S60,203229,536.413,/home/maccamp/kootenai/data/align/331C_18_S60.sort.bam
89E_2_6,offspring,89E_2_6_S68,195116,512.814,/home/maccamp/kootenai/data/align/89E_2_6_S68.sort.bam
89E_2_14,offspring,89E_2_14_S76,179574,480.568,/home/maccamp/kootenai/data/align/89E_2_14_S76.sort.bam
3A21_7,offspring,3A21_7_S84,203743,549.668,/home/maccamp/kootenai/data/align/3A21_7_S84.sort.bam
3A21_15,offspring,3A21_15_S92,199089,523.509,/home/maccamp/kootenai/data/align/3A21_15_S92.sort.bam
7874_8,offspring,7874_8_S100,646340,1701.47,/home/maccamp/kootenai/data/align/7874_8_S100.sort.bam
7874_16,offspring,7874_16_S108,237927,631.297,/home/maccamp/kootenai/data/align/7874_16_S108.sort.bam
DD87_4,offspring,DD87_4_S116,93833,245.537,/home/maccamp/kootenai/data/align/DD87_4_S116.sort.bam
DD87_12,offspring,DD87_12_S124,101322,265.75,/home/maccamp/kootenai/data/align/DD87_12_S124.sort.bam
8C31_5,offspring,8C31_5_S132,106486,277.61,/home/maccamp/kootenai/data/align/8C31_5_S132.sort.bam
8C31_13,offspring,8C31_13_S140,121515,316.87,/home/maccamp/kootenai/data/align/8C31_13_S140.sort.bam
04C1_6,offspring,04C1_6_S148,111065,290.085,/home/maccamp/kootenai/data/align/04C1_6_S148.sort.bam
04C1_14,offspring,04C1_14_S156,113050,294.857,/home/maccamp/kootenai/data/align/04C1_14_S156.sort.bam
5D58_7,offspring,5D58_7_S164,109710,288.235,/home/maccamp/kootenai/data/align/5D58_7_S164.sort.bam
5D58_15,offspring,5D58_15_S172,84954,222.917,/home/maccamp/kootenai/data/align/5D58_15_S172.sort.bam
768_1_5,offspring,768_1_5_S5,208201,541.71,/home/maccamp/kootenai/data/align/768_1_5_S5.sort.bam
768_1_13,offspring,768_1_13_S13,178318,470.304,/home/maccamp/kootenai/data/align/768_1_13_S13.sort.bam
768_1_21,offspring,768_1_21_S21,180826,481.866,/home/maccamp/kootenai/data/align/768_1_21_S21.sort.bam
768_2_7,offspring,768_2_7_S29,142119,384.564,/home/maccamp/kootenai/data/align/768_2_7_S29.sort.bam
768_2_15,offspring,768_2_15_S37,155306,484.532,/home/maccamp/kootenai/data/align/768_2_15_S37.sort.bam
331C_11,offspring,331C_11_S53,174774,462.006,/home/maccamp/kootenai/data/align/331C_11_S53.sort.bam
331C_19,offspring,331C_19_S61,162048,429.699,/home/maccamp/kootenai/data/align/331C_19_S61.sort.bam
89E_2_7,offspring,89E_2_7_S69,213085,564.828,/home/maccamp/kootenai/data/align/89E_2_7_S69.sort.bam
89E_2_15,offspring,89E_2_15_S77,174237,464.004,/home/maccamp/kootenai/data/align/89E_2_15_S77.sort.bam
3A21_8,offspring,3A21_8_S85,209642,557.621,/home/maccamp/kootenai/data/align/3A21_8_S85.sort.bam
7874_1,offspring,7874_1_S93,231725,609.559,/home/maccamp/kootenai/data/align/7874_1_S93.sort.bam
7874_17,offspring,7874_17_S109,81370,215.303,/home/maccamp/kootenai/data/align/7874_17_S109.sort.bam
DD87_5,offspring,DD87_5_S117,89476,235.091,/home/maccamp/kootenai/data/align/DD87_5_S117.sort.bam
DD87_13,offspring,DD87_13_S125,245901,641.361,/home/maccamp/kootenai/data/align/DD87_13_S125.sort.bam
8C31_6,offspring,8C31_6_S133,115773,301.311,/home/maccamp/kootenai/data/align/8C31_6_S133.sort.bam
8C31_14,offspring,8C31_14_S141,107297,279.083,/home/maccamp/kootenai/data/align/8C31_14_S141.sort.bam
04C1_7,offspring,04C1_7_S149,102054,265.49,/home/maccamp/kootenai/data/align/04C1_7_S149.sort.bam
04C1_15,offspring,04C1_15_S157,127707,334.45,/home/maccamp/kootenai/data/align/04C1_15_S157.sort.bam
5D58_8,offspring,5D58_8_S165,92159,240.543,/home/maccamp/kootenai/data/align/5D58_8_S165.sort.bam
768_1_6,offspring,768_1_6_S6,167801,444.684,/home/maccamp/kootenai/data/align/768_1_6_S6.sort.bam
768_1_14,offspring,768_1_14_S14,168834,448.322,/home/maccamp/kootenai/data/align/768_1_14_S14.sort.bam
768_1_22,offspring,768_1_22_S22,211756,715.24,/home/maccamp/kootenai/data/align/768_1_22_S22.sort.bam
768_2_8,offspring,768_2_8_S30,193323,517.889,/home/maccamp/kootenai/data/align/768_2_8_S30.sort.bam
768_2_16,offspring,768_2_16_S38,144037,440.639,/home/maccamp/kootenai/data/align/768_2_16_S38.sort.bam
331C_12,offspring,331C_12_S54,212659,562.257,/home/maccamp/kootenai/data/align/331C_12_S54.sort.bam
331C_20,offspring,331C_20_S62,192132,514.565,/home/maccamp/kootenai/data/align/331C_20_S62.sort.bam
89E_2_8,offspring,89E_2_8_S70,200614,590.259,/home/maccamp/kootenai/data/align/89E_2_8_S70.sort.bam
3A21_1,offspring,3A21_1_S78,218432,580.498,/home/maccamp/kootenai/data/align/3A21_1_S78.sort.bam
3A21_9,offspring,3A21_9_S86,206258,548.094,/home/maccamp/kootenai/data/align/3A21_9_S86.sort.bam
7874_2,offspring,7874_2_S94,318786,842.986,/home/maccamp/kootenai/data/align/7874_2_S94.sort.bam
7874_18,offspring,7874_18_S110,272294,724.768,/home/maccamp/kootenai/data/align/7874_18_S110.sort.bam
DD87_6,offspring,DD87_6_S118,154952,400.195,/home/maccamp/kootenai/data/align/DD87_6_S118.sort.bam
DD87_14,offspring,DD87_14_S126,102432,311.609,/home/maccamp/kootenai/data/align/DD87_14_S126.sort.bam
8C31_7,offspring,8C31_7_S134,99407,258.413,/home/maccamp/kootenai/data/align/8C31_7_S134.sort.bam
8C31_15,offspring,8C31_15_S142,110460,288.35,/home/maccamp/kootenai/data/align/8C31_15_S142.sort.bam
04C1_8,offspring,04C1_8_S150,110210,289.096,/home/maccamp/kootenai/data/align/04C1_8_S150.sort.bam
5D58_1,offspring,5D58_1_S158,105364,275.844,/home/maccamp/kootenai/data/align/5D58_1_S158.sort.bam
5D58_9,offspring,5D58_9_S166,100828,263.514,/home/maccamp/kootenai/data/align/5D58_9_S166.sort.bam
768_1_7,offspring,768_1_7_S7,202749,535.31,/home/maccamp/kootenai/data/align/768_1_7_S7.sort.bam
768_1_15,offspring,768_1_15_S15,186165,494.618,/home/maccamp/kootenai/data/align/768_1_15_S15.sort.bam
768_2_1,offspring,768_2_1_S23,159168,419.414,/home/maccamp/kootenai/data/align/768_2_1_S23.sort.bam
768_2_9,offspring,768_2_9_S31,179404,479.243,/home/maccamp/kootenai/data/align/768_2_9_S31.sort.bam
768_2_17,offspring,768_2_17_S39,181387,481.16,/home/maccamp/kootenai/data/align/768_2_17_S39.sort.bam
331C_13,offspring,331C_13_S55,197028,526.193,/home/maccamp/kootenai/data/align/331C_13_S55.sort.bam
89E_2_1,offspring,89E_2_1_S63,162283,435.171,/home/maccamp/kootenai/data/align/89E_2_1_S63.sort.bam
89E_2_9,offspring,89E_2_9_S71,219091,579.507,/home/maccamp/kootenai/data/align/89E_2_9_S71.sort.bam
3A21_2,offspring,3A21_2_S79,189183,501.264,/home/maccamp/kootenai/data/align/3A21_2_S79.sort.bam
3A21_10,offspring,3A21_10_S87,178144,478.714,/home/maccamp/kootenai/data/align/3A21_10_S87.sort.bam
7874_3,offspring,7874_3_S95,306224,806.136,/home/maccamp/kootenai/data/align/7874_3_S95.sort.bam
7874_11,offspring,7874_11_S103,260142,669.456,/home/maccamp/kootenai/data/align/7874_11_S103.sort.bam
7874_19,offspring,7874_19_S111,74593,195.774,/home/maccamp/kootenai/data/align/7874_19_S111.sort.bam
DD87_7,offspring,DD87_7_S119,93440,242.939,/home/maccamp/kootenai/data/align/DD87_7_S119.sort.bam
DD87_15,offspring,DD87_15_S127,85119,223.204,/home/maccamp/kootenai/data/align/DD87_15_S127.sort.bam
8C31_8,offspring,8C31_8_S135,112543,294.009,/home/maccamp/kootenai/data/align/8C31_8_S135.sort.bam
04C1_1,offspring,04C1_1_S143,114965,299.847,/home/maccamp/kootenai/data/align/04C1_1_S143.sort.bam
04C1_9,offspring,04C1_9_S151,112639,294.423,/home/maccamp/kootenai/data/align/04C1_9_S151.sort.bam
5D58_2,offspring,5D58_2_S159,107010,279.785,/home/maccamp/kootenai/data/align/5D58_2_S159.sort.bam
5D58_10,offspring,5D58_10_S167,115590,302.08,/home/maccamp/kootenai/data/align/5D58_10_S167.sort.bam
768_1_8,offspring,768_1_8_S8,742226,1902.7,/home/maccamp/kootenai/data/align/768_1_8_S8.sort.bam
768_1_16,offspring,768_1_16_S16,209880,549.645,/home/maccamp/kootenai/data/align/768_1_16_S16.sort.bam
768_2_2,offspring,768_2_2_S24,308778,815.278,/home/maccamp/kootenai/data/align/768_2_2_S24.sort.bam
768_2_10,offspring,768_2_10_S32,241799,636.714,/home/maccamp/kootenai/data/align/768_2_10_S32.sort.bam
768_2_18,offspring,768_2_18_S40,189521,501.317,/home/maccamp/kootenai/data/align/768_2_18_S40.sort.bam
331C_14,offspring,331C_14_S56,198492,521.997,/home/maccamp/kootenai/data/align/331C_14_S56.sort.bam
89E_2_2,offspring,89E_2_2_S64,256059,673.16,/home/maccamp/kootenai/data/align/89E_2_2_S64.sort.bam
89E_2_10,offspring,89E_2_10_S72,216115,570.958,/home/maccamp/kootenai/data/align/89E_2_10_S72.sort.bam
3A21_3,offspring,3A21_3_S80,264008,694.915,/home/maccamp/kootenai/data/align/3A21_3_S80.sort.bam
3A21_11,offspring,3A21_11_S88,301007,794.524,/home/maccamp/kootenai/data/align/3A21_11_S88.sort.bam
7874_12,offspring,7874_12_S104,184063,478.949,/home/maccamp/kootenai/data/align/7874_12_S104.sort.bam
DD87_8,offspring,DD87_8_S120,176472,466.445,/home/maccamp/kootenai/data/align/DD87_8_S120.sort.bam
8C31_1,offspring,8C31_1_S128,118807,315.448,/home/maccamp/kootenai/data/align/8C31_1_S128.sort.bam
8C31_9,offspring,8C31_9_S136,139216,363.884,/home/maccamp/kootenai/data/align/8C31_9_S136.sort.bam
04C1_2,offspring,04C1_2_S144,91927,239.837,/home/maccamp/kootenai/data/align/04C1_2_S144.sort.bam
04C1_10,offspring,04C1_10_S152,150129,391.425,/home/maccamp/kootenai/data/align/04C1_10_S152.sort.bam
5D58_3,offspring,5D58_3_S160,145233,382.703,/home/maccamp/kootenai/data/align/5D58_3_S160.sort.bam
5D58_11,offspring,5D58_11_S168,130920,342.947,/home/maccamp/kootenai/data/align/5D58_11_S168.sort.bam
4CE3,offspring,4CE3_S745,188329,489.474,/home/maccamp/kootenai/data/align/4CE3_S745.sort.bam
929A,offspring,929A_S746,164317,438.537,/home/maccamp/kootenai/data/align/929A_S746.sort.bam
FD05,offspring,FD05_S747,75495,196.581,/home/maccamp/kootenai/data/align/FD05_S747.sort.bam
E58A,offspring,E58A_S749,111203,292.218,/home/maccamp/kootenai/data/align/E58A_S749.sort.bam
B284,offspring,B284_S750,127404,340.559,/home/maccamp/kootenai/data/align/B284_S750.sort.bam
0F18,offspring,0F18_S751,263755,713.148,/home/maccamp/kootenai/data/align/0F18_S751.sort.bam
BF07,offspring,BF07_S752,193990,514.667,/home/maccamp/kootenai/data/align/BF07_S752.sort.bam
A08F,offspring,A08F_S753,459827,1237.27,/home/maccamp/kootenai/data/align/A08F_S753.sort.bam
1862,offspring,1862_S755,99051,263.392,/home/maccamp/kootenai/data/align/1862_S755.sort.bam
4665,offspring,4665_S757,184051,497.777,/home/maccamp/kootenai/data/align/4665_S757.sort.bam
80DD,offspring,80DD_S758,124552,333.354,/home/maccamp/kootenai/data/align/80DD_S758.sort.bam
EBF2,offspring,EBF2_S759,102797,272.637,/home/maccamp/kootenai/data/align/EBF2_S759.sort.bam
FD2F,offspring,FD2F_S761,173431,455.167,/home/maccamp/kootenai/data/align/FD2F_S761.sort.bam
7B83,offspring,7B83_S762,268053,721.786,/home/maccamp/kootenai/data/align/7B83_S762.sort.bam
7064,offspring,7064_S764,280995,761.749,/home/maccamp/kootenai/data/align/7064_S764.sort.bam
2F70,offspring,2F70_S765,229507,615.801,/home/maccamp/kootenai/data/align/2F70_S765.sort.bam
232E,offspring,232E_S766,237811,643.636,/home/maccamp/kootenai/data/align/232E_S766.sort.bam
C4C4,offspring,C4C4_S767,389354,1056.62,/home/maccamp/kootenai/data/align/C4C4_S767.sort.bam
DBFA,offspring,DBFA_S768,247090,662.612,/home/maccamp/kootenai/data/align/DBFA_S768.sort.bam
AC53,offspring,AC53_S769,430367,1145.73,/home/maccamp/kootenai/data/align/AC53_S769.sort.bam
F4B3,offspring,F4B3_S770,296614,803.245,/home/maccamp/kootenai/data/align/F4B3_S770.sort.bam
E479,offspring,E479_S771,251785,679.44,/home/maccamp/kootenai/data/align/E479_S771.sort.bam
418D,offspring,418D_S772,200671,542.086,/home/maccamp/kootenai/data/align/418D_S772.sort.bam
2A07,offspring,2A07_S773,168778,455.752,/home/maccamp/kootenai/data/align/2A07_S773.sort.bam
8B77,offspring,8B77_S774,466904,1269.7,/home/maccamp/kootenai/data/align/8B77_S774.sort.bam
45FD,offspring,45FD_S775,126456,336.891,/home/maccamp/kootenai/data/align/45FD_S775.sort.bam
74F5,offspring,74F5_S776,231170,620.193,/home/maccamp/kootenai/data/align/74F5_S776.sort.bam
9C79,offspring,9C79_S777,261190,687.982,/home/maccamp/kootenai/data/align/9C79_S777.sort.bam
4A75,offspring,4A75_S778,145797,386.58,/home/maccamp/kootenai/data/align/4A75_S778.sort.bam
7836,offspring,7836_S779,101514,265.055,/home/maccamp/kootenai/data/align/7836_S779.sort.bam
812A,offspring,812A_S780,374405,1004.91,/home/maccamp/kootenai/data/align/812A_S780.sort.bam
9B12,offspring,9B12_S781,166774,445.306,/home/maccamp/kootenai/data/align/9B12_S781.sort.bam
7696,offspring,7696_S782,177172,472.841,/home/maccamp/kootenai/data/align/7696_S782.sort.bam
B94F,offspring,B94F_S783,150318,399.427,/home/maccamp/kootenai/data/align/B94F_S783.sort.bam
BC9B,offspring,BC9B_S784,172401,456.724,/home/maccamp/kootenai/data/align/BC9B_S784.sort.bam
0C62,offspring,0C62_S785,277815,731.782,/home/maccamp/kootenai/data/align/0C62_S785.sort.bam
038C,offspring,038C_S786,102215,268.1,/home/maccamp/kootenai/data/align/038C_S786.sort.bam
1F58,offspring,1F58_S788,172102,463.674,/home/maccamp/kootenai/data/align/1F58_S788.sort.bam
2D5A,offspring,2D5A_S789,212713,572.239,/home/maccamp/kootenai/data/align/2D5A_S789.sort.bam
5100,offspring,5100_S790,341767,921.554,/home/maccamp/kootenai/data/align/5100_S790.sort.bam
2D02,offspring,2D02_S791,401521,1086.48,/home/maccamp/kootenai/data/align/2D02_S791.sort.bam
E191,offspring,E191_S792,266887,706.662,/home/maccamp/kootenai/data/align/E191_S792.sort.bam
BEEE,offspring,BEEE_S793,68365,169.807,/home/maccamp/kootenai/data/align/BEEE_S793.sort.bam
756E,offspring,756E_S794,79911,210.204,/home/maccamp/kootenai/data/align/756E_S794.sort.bam
60C2,offspring,60C2_S795,276695,743.639,/home/maccamp/kootenai/data/align/60C2_S795.sort.bam
6BA8,offspring,6BA8_S796,127760,339.854,/home/maccamp/kootenai/data/align/6BA8_S796.sort.bam
3ABF,offspring,3ABF_S797,419443,1143.56,/home/maccamp/kootenai/data/align/3ABF_S797.sort.bam
556D,offspring,556D_S798,289297,780.696,/home/maccamp/kootenai/data/align/556D_S798.sort.bam
BE91,offspring,BE91_S800,426402,1146.78,/home/maccamp/kootenai/data/align/BE91_S800.sort.bam
309F,offspring,309F_S801,159957,418.434,/home/maccamp/kootenai/data/align/309F_S801.sort.bam
6F34,offspring,6F34_S802,224742,602.681,/home/maccamp/kootenai/data/align/6F34_S802.sort.bam
7BD8,offspring,7BD8_S804,74698,194.555,/home/maccamp/kootenai/data/align/7BD8_S804.sort.bam
6382,offspring,6382_S805,80958,212.274,/home/maccamp/kootenai/data/align/6382_S805.sort.bam
2F41,offspring,2F41_S806,78814,206.256,/home/maccamp/kootenai/data/align/2F41_S806.sort.bam
E017,offspring,E017_S807,115569,307.543,/home/maccamp/kootenai/data/align/E017_S807.sort.bam
7B98,offspring,7B98_S808,449833,1210.56,/home/maccamp/kootenai/data/align/7B98_S808.sort.bam
711A,offspring,711A_S809,360007,957.282,/home/maccamp/kootenai/data/align/711A_S809.sort.bam
9287,offspring,9287_S810,291172,785.011,/home/maccamp/kootenai/data/align/9287_S810.sort.bam
3046,offspring,3046_S813,306017,828.743,/home/maccamp/kootenai/data/align/3046_S813.sort.bam
89FD,offspring,89FD_S814,116877,310.778,/home/maccamp/kootenai/data/align/89FD_S814.sort.bam
E967,offspring,E967_S815,236787,639.277,/home/maccamp/kootenai/data/align/E967_S815.sort.bam
C1E4,offspring,C1E4_S816,156331,414.652,/home/maccamp/kootenai/data/align/C1E4_S816.sort.bam
6407,offspring,6407_S817,345159,910.535,/home/maccamp/kootenai/data/align/6407_S817.sort.bam
3C93,offspring,3C93_S818,159417,423.15,/home/maccamp/kootenai/data/align/3C93_S818.sort.bam
EF13,offspring,EF13_S819,180183,483.955,/home/maccamp/kootenai/data/align/EF13_S819.sort.bam
5D1D,offspring,5D1D_S820,171443,460.904,/home/maccamp/kootenai/data/align/5D1D_S820.sort.bam
4C92,offspring,4C92_S821,175641,472.851,/home/maccamp/kootenai/data/align/4C92_S821.sort.bam
C193,offspring,C193_S823,123310,327.163,/home/maccamp/kootenai/data/align/C193_S823.sort.bam
D149,offspring,D149_S824,542162,1472.19,/home/maccamp/kootenai/data/align/D149_S824.sort.bam
CA87,offspring,CA87_S825,355255,939.875,/home/maccamp/kootenai/data/align/CA87_S825.sort.bam
F32B,offspring,F32B_S826,330849,887.009,/home/maccamp/kootenai/data/align/F32B_S826.sort.bam
C1FA,offspring,C1FA_S829,174882,469.638,/home/maccamp/kootenai/data/align/C1FA_S829.sort.bam
5649,offspring,5649_S830,316823,858.428,/home/maccamp/kootenai/data/align/5649_S830.sort.bam
39AC,offspring,39AC_S831,340941,929.398,/home/maccamp/kootenai/data/align/39AC_S831.sort.bam
EADA,offspring,EADA_S832,423105,1149.88,/home/maccamp/kootenai/data/align/EADA_S832.sort.bam
040C,offspring,040C_S833,144933,379.135,/home/maccamp/kootenai/data/align/040C_S833.sort.bam
28C3,offspring,28C3_S834,588706,1569.92,/home/maccamp/kootenai/data/align/28C3_S834.sort.bam
259B,offspring,259B_S835,1216215,3280.32,/home/maccamp/kootenai/data/align/259B_S835.sort.bam
A7ED,offspring,A7ED_S836,206809,550.402,/home/maccamp/kootenai/data/align/A7ED_S836.sort.bam
A650,offspring,A650_S837,219256,583.247,/home/maccamp/kootenai/data/align/A650_S837.sort.bam
F971,offspring,F971_S838,500539,1344.44,/home/maccamp/kootenai/data/align/F971_S838.sort.bam
789E,offspring,789E_S839,82507,218.665,/home/maccamp/kootenai/data/align/789E_S839.sort.bam
49A3,offspring,49A3_S841,449461,1209.71,/home/maccamp/kootenai/data/align/49A3_S841.sort.bam
4EB0,offspring,4EB0_S842,221584,602.043,/home/maccamp/kootenai/data/align/4EB0_S842.sort.bam
90C6,offspring,90C6_S849,310100,834.678,/home/maccamp/kootenai/data/align/90C6_S849.sort.bam
E46B,offspring,E46B_S850,225682,611.518,/home/maccamp/kootenai/data/align/E46B_S850.sort.bam
C77A,offspring,C77A_S857,280807,749.442,/home/maccamp/kootenai/data/align/C77A_S857.sort.bam
950F,offspring,950F_S858,185836,501.511,/home/maccamp/kootenai/data/align/950F_S858.sort.bam
3C42,offspring,3C42_S865,607172,1649.02,/home/maccamp/kootenai/data/align/3C42_S865.sort.bam
738B,offspring,738B_S866,187884,503.873,/home/maccamp/kootenai/data/align/738B_S866.sort.bam
6F71,offspring,6F71_S873,376487,1017.29,/home/maccamp/kootenai/data/align/6F71_S873.sort.bam
B2EE,offspring,B2EE_S874,235189,635.314,/home/maccamp/kootenai/data/align/B2EE_S874.sort.bam
4267,offspring,4267_S881,196394,526.203,/home/maccamp/kootenai/data/align/4267_S881.sort.bam
AEFD,offspring,AEFD_S882,146242,391.258,/home/maccamp/kootenai/data/align/AEFD_S882.sort.bam
646D,offspring,646D_S889,338725,910.59,/home/maccamp/kootenai/data/align/646D_S889.sort.bam
B735,offspring,B735_S890,171985,461.381,/home/maccamp/kootenai/data/align/B735_S890.sort.bam
E5D4,offspring,E5D4_S897,284453,764.514,/home/maccamp/kootenai/data/align/E5D4_S897.sort.bam
22B9,offspring,22B9_S898,215235,580.075,/home/maccamp/kootenai/data/align/22B9_S898.sort.bam
CD23,offspring,CD23_S905,273853,734.359,/home/maccamp/kootenai/data/align/CD23_S905.sort.bam
7C55,offspring,7C55_S913,453516,1221.12,/home/maccamp/kootenai/data/align/7C55_S913.sort.bam
78B8,offspring,78B8_S921,236222,634.768,/home/maccamp/kootenai/data/align/78B8_S921.sort.bam
5180,offspring,5180_S928,293941,786.072,/home/maccamp/kootenai/data/align/5180_S928.sort.bam
3A67,offspring,3A67_S1565,352649,939.39,/home/maccamp/kootenai/data/align/3A67_S1565.sort.bam
